POINT_ID,Depth,BD 0-20,pH_CaCl2,EC,OC,P,N,K,Clay,erosion_by_water
30283550,0-20 cm,0.289,3.9,8.07,265.7,10.5,15,88.2,13.0,
27022016,0-20 cm,1.393,6.4,7.05,6.4,,0.5,57.7,16.0,3.4262174608557e-07
26581768,0-20 cm,,6.9,19.44,28.2,40.3,3,448.1,25.0,0.200000464916229
27021938,20-30 cm,1.506,,,,,,,3.0,0.0
27182008,0-10 cm,,6.8,14.61,16.1,< LOD,1.4,201.1,45.0,0.0750019326806068
27842206,0-10 cm,,4.0,12.4,43.6,< LOD,2.8,24.4,14.0,0.0250015929341316
31003478,0-20 cm,0.188,3.4,7.81,528.7,23.6,19.4,249.2,,0.0249999985098839
28302282,0-20 cm,1.106,4.0,9.11,64.6,15.5,5,73,3.0,
27361846,0-10 cm,,7.2,13.46,10.3,22.5,0.9,303.2,49.0,2.4726357460022
31783686,0-20 cm,1.085,4.3,23.4,40.1,< LOD,2.6,90.4,,
27401840,0-20 cm,1.028,7.2,15.75,13.8,< LOD,1,234.8,34.0,
27461842,0-10 cm,,6.2,5.83,9.7,52.7,0.7,140,47.0,5.22855997085571
28322234,0-10 cm,,4.3,3.73,40.7,< LOD,2.9,34,9.0,0.0249999985098839
31523558,0-20 cm,0.383,3.3,24.2,504.6,18.1,16.3,236.4,,
28982458,,0.86,,,,,,,24.0,0.0249999985098839
28982444,,0.857,,,,,,,18.0,0.0249999985098839
28502212,0-10 cm,,4.2,3.53,41.8,< LOD,2.4,37.4,5.0,
28682284,0-20 cm,,4.7,16.71,55.4,114.2,4.1,224.2,6.0,0.0
29002384,0-20 cm,,4.7,78.2,108.6,18.7,10.4,361.2,10.0,0.0750002488493919
28442038,,1.153,,,,,,,8.0,0.175003558397293
32243654,0-20 cm,0.392,4.8,25.8,173.6,32.4,12.4,115.6,10.0,
29342332,0-20 cm,,4.3,20.1,29.4,< LOD,3.2,103,22.0,0.214786320924759
29482396,0-10 cm,,3.4,14.26,180.4,< LOD,8.5,106.7,10.0,2.92662668228149
29042168,0-10 cm,,4.0,4.42,91.6,16.1,6.4,48.7,18.0,0.0
28722000,0-10 cm,,5.0,3.63,12.4,< LOD,1.8,87.1,10.0,28.8877391815186
29042132,0-20 cm,1.331,4.1,13.21,12.2,< LOD,1.3,96.9,9.0,
28661894,0-10 cm,,5.4,4.58,9.6,< LOD,1,177.4,15.0,6.46092700958252
29622346,0-20 cm,,4.7,9.07,79.1,< LOD,6,80.1,13.0,0.0
32563608,,0.766,,,,,,,22.0,0.0
29862388,0-20 cm,,4.6,38.7,49.5,14.6,5,206.5,12.0,1.42093324661255
29061990,0-10 cm,,6.5,69.1,14,14.6,1.5,117.1,9.0,4.51598253903285e-07
29582204,0-20 cm,,4.3,3.2,22.2,< LOD,1.9,68.2,7.0,0.0499999970197678
28721752,0-20 cm,,7.6,15.58,6.2,< LOD,0.9,542.4,50.0,53.0902671813965
29361938,0-10 cm,,4.7,3.61,17.5,< LOD,1.9,84.6,10.0,0.864837110042572
30202338,0-20 cm,0.597,5.3,44.0,78,< LOD,7.1,152.2,18.0,
28901658,0-20 cm,,7.6,23.8,4,25.5,0.5,214.5,14.0,2.2375636100769
29521930,0-10 cm,,6.6,25.1,15.7,< LOD,1.8,87.6,15.0,0.0749999955296516
30202274,0-20 cm,1.189,7.3,40.1,11.1,50.6,1.6,189.7,17.0,
29581942,0-10 cm,,5.0,5.17,13.2,13.9,1.5,42.8,5.0,2.4699969291687
29541908,0-20 cm,1.226,7.4,16.7,9.1,21,1.1,383.8,25.0,
30122158,0-20 cm,,5.3,3.31,4.9,20.1,0.5,100,20.0,1.32464219859685e-06
30122154,0-10 cm,,6.0,6.38,4.3,< LOD,0.6,194.9,11.0,0.347880154848099
29261662,0-10 cm,,7.7,22.6,16.4,< LOD,1.2,435.3,42.0,0.536861956119537
30342234,0-20 cm,1.327,7.3,23.9,13.1,10.4,1.1,67.5,7.0,
30362232,0-10 cm,,7.0,15.91,6,11.2,0.9,181.4,15.0,3.12405490875244
30222150,0-10 cm,,6.2,3.41,3.7,13.8,0.4,132.6,24.0,0.357295632362366
30242156,0-10 cm,,4.8,4.84,2.4,27.7,0.4,118.9,7.0,0.859164476394653
30342192,0-10 cm,,7.6,13.01,5.6,< LOD,0.9,135.6,24.0,6.61590385437012
30442240,0-10 cm,,5.9,6.45,4,15.3,0.6,120.8,10.0,2.01410317420959
29761880,0-10 cm,,5.7,4.49,14.6,< LOD,1.8,56.8,19.0,0.0499999970197678
30142056,0-20 cm,,5.0,14.55,6.7,< LOD,0.9,84.9,5.0,0.0500000193715096
30302136,0-10 cm,,7.3,13.62,8.7,< LOD,0.9,137.3,22.0,3.39226102828979
29461660,0-20 cm,1.176,7.5,19.03,44.8,< LOD,2.8,421.8,28.0,
30502200,0-10 cm,,7.4,15.22,10.4,45.8,1.4,353,22.0,0.336892932653427
29941888,0-10 cm,,6.4,9.15,13.3,< LOD,1.7,82.7,16.0,0.0499999970197678
30682278,0-10 cm,,6.9,13.21,17.6,< LOD,2.2,376.8,29.0,0.34539732336998
29761754,0-10 cm,,7.3,17.35,14.7,25.6,1.4,452.3,35.0,25.3748359680176
29741732,0-10 cm,,7.5,16.62,18,39.8,1.4,139.1,29.0,17.6695747375488
30522156,0-10 cm,,5.4,5.6,15.1,29.9,1.4,161.7,17.0,0.631781756877899
30562176,0-10 cm,,7.4,53.3,10.3,12.7,1.3,226.3,22.0,0.446102887392044
30382072,0-20 cm,,4.4,2.02,54.7,20.6,5.1,57.5,8.0,0.100001513957977
30562152,0-20 cm,,5.1,3.46,2.7,14.1,0.3,95,12.0,0.432785391807556
30081890,0-10 cm,,5.3,3.85,11.1,< LOD,1.5,91.4,11.0,0.0499999970197678
30121906,0-10 cm,,5.1,13.07,12.4,< LOD,1.5,60.3,14.0,0.0249999985098839
30822264,0-10 cm,,5.8,4.47,20.4,< LOD,2,125.6,13.0,0.0
30742212,0-10 cm,,7.5,11.2,7.4,< LOD,1,124,20.0,1.70226871967316
30702180,0-10 cm,,7.4,14.01,18.8,36.6,2.3,321.7,26.0,1.19567787647247
30742170,0-20 cm,,7.4,11.86,4.4,15,0.5,156.7,15.0,1.04927694797516
30782188,0-10 cm,,7.4,23.8,22.9,37.1,2,381.6,22.0,0.629237830638885
30802190,0-10 cm,,7.2,26.3,19.5,81.3,2.3,744.3,20.0,0.299999982118607
30041718,0-20 cm,,7.7,19.53,7.2,27,1,624.4,35.0,0.587430596351624
31162316,0-20 cm,1.284,4.4,11.14,19.5,12,2,53.1,20.0,
30842132,0-20 cm,,6.6,7.34,3.7,< LOD,0.4,90.9,5.0,1.07064867019653
31002206,0-10 cm,,7.2,10.61,8.5,19.3,1,249.6,14.0,0.299999982118607
31022194,0-20 cm,,7.6,34.7,15.3,31.1,1.6,224.3,18.0,4.10091543197632
31042188,0-10 cm,,7.5,27.9,16.1,36.1,2.2,735,29.0,0.526677787303925
33903630,0-20 cm,0.193,3.7,38.59,536.9,59.1,23,401.3,,0.0249999985098839
31322314,0-10 cm,,6.7,13.61,43.5,10.4,4.6,193.7,26.0,0.0
30922090,0-20 cm,,4.6,3.72,4,26.3,0.5,85.1,10.0,2.50230526924133
30381762,0-20 cm,,7.7,18.33,11.3,< LOD,1.1,427.1,37.0,22.6014404296875
31382312,0-10 cm,,6.7,15.72,42.6,10.7,4.1,163.6,21.0,
30481762,0-10 cm,,7.7,19.29,12,< LOD,1.1,628.9,39.0,45.057243347168
31382262,,1.52,,,,,,,24.0,0.799092531204224
30421688,0-10 cm,,7.6,21.0,13.3,14,1.6,270.4,28.0,0.236664056777954
34483786,0-20 cm,,4.8,9.93,66.2,14.5,6,141.6,18.0,
33343208,0-20 cm,1.354,7.2,20.43,17.6,24.8,2.1,186,6.0,
31382090,0-10 cm,,5.3,47.6,61.4,16,5.4,107.7,16.0,0.0
31742280,0-20 cm,,6.9,9.69,5.5,17.3,0.6,66.9,12.0,0.0499999970197678
30721674,0-10 cm,,7.5,15.91,14.7,33.3,1.7,164.1,27.0,0.242306768894196
34503730,0-20 cm,,5.1,33.8,46.9,70.2,4.1,592.7,23.0,0.0
34523724,0-20 cm,0.909,6.2,23.28,53.7,< LOD,3,121,22.0,
34563700,0-20 cm,1.057,4.8,18.9,28.3,28.5,2.7,88.4,,0.0250011086463928
33002856,0-10 cm,,6.5,13.44,19.9,22.7,2.1,213.4,22.0,1.64852025363871e-07
31982268,0-20 cm,,7.6,22.4,26.2,< LOD,2.3,268.5,17.0,0.0750003680586815
31141750,0-20 cm,,7.7,123.4,13.9,17.4,1.3,513.6,30.0,0.125004023313522
33863294,0-20 cm,0.354,3.5,21.72,228.7,52.1,13.7,154.1,,0.0249999985098839
31702088,0-20 cm,1.34,6.1,18.73,20.1,< LOD,2.1,100.5,,0.0
34703724,0-20 cm,,4.4,20.51,74.6,15.9,4.7,123.7,27.0,0.0
33803256,0-20 cm,,4.5,22.9,45.4,12.1,3.8,78.4,20.0,
31822122,0-20 cm,1.261,6.3,25.0,17.1,< LOD,1.8,95,,1.66033100867935e-06
31441882,0-20 cm,0.911,7.5,16.66,12.3,19.3,1.4,382.9,22.0,
33142852,0-20 cm,,4.8,11.02,29.4,22.5,3,96.1,23.0,19.1386070251465
32002180,,1.195,,,,,,,32.0,0.324658215045929
34623626,0-20 cm,0.169,3.9,41.64,501.3,74.4,22.1,224,,7.08447998931661e-07
35203908,0-20 cm,0.67,3.7,167.9,420.8,82.8,22.6,414,,0.0
31381772,0-10 cm,,7.4,16.86,19.5,11.8,1.4,279,23.0,0.15000031888485
31842046,0-20 cm,,6.8,16.71,7,20.5,0.8,202,23.0,0.636847317218781
31341710,0-20 cm,,7.5,15.08,14.4,20.9,1.4,138.9,31.0,8.0656681060791
32222236,0-10 cm,,5.5,9.63,30.7,< LOD,1.7,115.4,17.0,0.0
31621846,0-10 cm,,7.3,16.31,20.7,< LOD,2.1,327.8,20.0,1.44598948281782e-06
32342286,0-20 cm,,7.3,18.56,14.7,30.4,1.7,169,29.0,3.87874388694763
33422880,0-20 cm,1.218,5.0,7.75,26.7,26,2.7,112.2,18.0,
31581774,0-10 cm,,7.5,22.0,43.4,13.8,1.8,444.4,23.0,0.0750067681074142
32042062,0-20 cm,,6.9,12.84,12.7,24.9,1.3,240.6,14.0,19.0186767578125
31801858,0-20 cm,,7.7,17.04,10.8,18,1.1,469.6,40.0,11.2429313659668
32402210,0-20 cm,,5.4,5.97,33.9,45.6,3.4,314.9,27.0,0.0249999985098839
32522262,0-10 cm,,6.8,26.1,70.5,< LOD,5.4,421.3,15.0,0.100002929568291
32462208,0-10 cm,,6.2,7.86,30.8,< LOD,2.8,131,20.0,0.0
32482188,0-10 cm,,4.1,8.77,51.7,12.9,2.5,147,11.0,0.0
31981858,0-20 cm,,7.6,15.25,8.9,< LOD,1.3,303,33.0,0.075002558529377
33722906,0-10 cm,,6.1,28.34,19.3,133.9,2.4,512.1,12.0,9.56533241271973
32241952,0-20 cm,,7.4,16.12,5.5,24,1,330.7,33.0,1.47695636749268
32602178,0-10 cm,,3.9,18.17,79,15.4,3.4,143.8,9.0,0.0
32582164,0-10 cm,,7.1,15.57,57.6,< LOD,4.6,418.3,29.0,0.0500002503395081
32261948,0-10 cm,,7.6,15.69,16,20.2,1.1,284.2,33.0,3.7042350769043
32382024,0-20 cm,1.495,7.2,13.84,18,< LOD,1.6,158.6,14.0,
32341984,0-20 cm,,7.6,237.0,10.9,< LOD,0.8,131.3,3.0,3.99200940132141
32121800,,,,,,,,,19.0,0.0750016570091248
32461996,0-10 cm,,7.5,123.6,14.6,12.7,0.6,107.9,18.0,10.0839233398438
32502018,0-20 cm,1.451,7.7,20.4,13.9,< LOD,1.2,206.6,22.0,
32582066,0-20 cm,,7.5,14.01,73,< LOD,2.2,415.4,26.0,2.71710746346798e-07
32822198,0-10 cm,,4.7,22.1,43.8,12.8,3.3,171.3,14.0,0.0
32401912,0-20 cm,,7.5,27.5,9.8,10,1,267,28.0,1.31741261482239
33962884,0-10 cm,,6.2,13.27,15.3,104.7,1.7,288.3,13.0,0.161822870373726
32561992,0-10 cm,,7.5,17.58,14.7,14.8,1.2,484.8,26.0,5.77291584014893
32902202,0-10 cm,,6.8,23.4,56.9,< LOD,4.1,139,18.0,0.0249999985098839
32922214,0-10 cm,,7.3,13.73,15.4,< LOD,1.5,67.9,26.0,9.52634024997678e-07
32862174,0-10 cm,,5.8,10.31,43.8,< LOD,3.4,159.7,12.0,0.0500030219554901
32461888,0-20 cm,,7.0,12.11,10,< LOD,1.1,274,19.0,0.299999982118607
32902170,0-10 cm,,7.4,14.12,9.9,31.3,1.5,237.6,26.0,1.44339346885681
32401810,0-20 cm,1.217,7.5,19.44,72.7,< LOD,2.6,175.5,,1.98052916289271e-07
32942156,,1.503,,,,,,,5.0,1.02256286144257
32721996,0-10 cm,,7.4,32.5,22.5,15.8,1.9,413.7,38.0,2.98692941665649
33022188,0-10 cm,,7.3,15.44,46.9,< LOD,5.2,111,27.0,1.23784445804631e-06
35883900,0-10 cm,,4.6,11.15,50.8,46.5,4.4,112.8,16.0,0.49855250120163
35223528,0-20 cm,0.016,3.2,21.6,422.9,46.3,16.8,260.7,,1.53121447965532e-06
33002136,0-20 cm,,7.6,18.02,7.5,16.3,1.3,175.1,36.0,7.54733657836914
32721928,0-10 cm,,7.5,15.02,7.5,16.1,0.9,331.3,29.0,
33182230,0-20 cm,1.226,7.6,30.4,12.6,26.4,1.7,658.1,58.0,
34082784,0-20 cm,1.414,4.8,5.28,24.6,< LOD,2.2,86.4,21.0,
33022080,0-10 cm,,7.3,14.35,42.7,< LOD,3.3,862.8,39.0,0.0
32821942,0-20 cm,,7.3,13.72,10.9,< LOD,1.2,348.6,36.0,0.250001579523087
34162756,0-10 cm,,6.1,11.81,15.8,11,1.6,133.5,15.0,1.78996801376343
32921902,0-10 cm,,7.2,15.92,10.4,13.3,1.1,344.1,32.0,0.738541960716248
33262130,0-10 cm,,7.3,17.92,16.6,18.3,1.6,279,31.0,0.025001522153616
33502280,0-10 cm,,5.2,11.92,82.8,< LOD,5,290.5,49.0,0.0749999955296516
35503514,0-10 cm,,4.6,16.41,92,22,7.7,188.1,26.0,8.24735213456051e-09
32941850,0-10 cm,,7.6,13.92,21.5,22.5,0.6,291.9,20.0,0.672646462917328
33642312,,0.664,,,,,,,29.0,0.0499999970197678
33542240,0-10 cm,,7.3,21.0,14.9,34.8,1.8,256.2,27.0,3.95684123039246
32901744,0-20 cm,,7.7,18.84,15.9,46.1,1.7,1092.2,22.0,0.299999982118607
33061854,0-10 cm,,7.5,18.61,13.6,34,1.6,134.3,23.0,1.46418642997742
33041814,0-10 cm,,7.6,15.83,12.8,37.7,0.7,176.8,18.0,2.05369257926941
33101854,0-10 cm,,7.5,29.0,19.5,38.1,1.5,431.4,21.0,1.46276700496674
35663500,0-20 cm,,5.7,18.85,59.9,70.4,5.8,358.1,27.0,1.01025152687839e-08
33422026,0-20 cm,1.178,7.3,29.0,20.1,56,2.5,1188.3,,0.0
33442040,0-20 cm,,6.9,11.03,6.3,12.7,0.8,108.5,16.0,1.01523653484037e-06
35303270,0-20 cm,,7.3,17.56,24.1,30.6,2.5,279,27.0,0.303205400705338
33241858,0-10 cm,,7.7,16.28,10.9,19.5,1.2,179.2,25.0,1.5328106880188
33221838,0-10 cm,,7.4,17.25,19.1,14,1.6,192.8,22.0,0.347182154655457
35743470,0-20 cm,,5.5,16.07,39.6,< LOD,3.6,95.9,27.0,0.0
33682088,,1.398,,,,,,,15.0,68.057258605957
35663410,0-20 cm,1.287,6.4,16.05,29.8,19.3,2.6,128.5,46.0,
33341814,0-10 cm,,7.4,16.73,13.8,75.6,0.9,287.3,20.0,0.124999992549419
33401850,0-10 cm,,7.3,15.99,28.4,< LOD,2.6,361,23.0,0.100000396370888
35062950,0-10 cm,,5.0,9.47,38.1,51,3.9,112.9,18.0,0.0523307397961617
33441780,0-10 cm,,7.7,15.77,22.3,10.1,1.1,210.2,25.0,0.0250013805925846
33341696,0-20 cm,,7.6,105.5,6.9,59.5,1.2,426.1,24.0,0.200006052851677
35102926,0-20 cm,,5.6,12.07,28.8,128,3.3,350.9,24.0,0.116885155439377
35042884,0-10 cm,,6.1,5.86,21.5,31.7,2.3,109.8,14.0,0.100000090897083
33581802,0-10 cm,,7.6,12.98,13.9,< LOD,0.5,152.9,20.0,0.050000999122858
33781948,0-20 cm,1.334,7.4,237.0,6.9,,0.5,106.8,22.0,0.0499999970197678
33601804,0-10 cm,,7.4,17.54,21.6,< LOD,1.6,152.7,17.0,0.0750024691224098
35222956,0-20 cm,,5.5,32.53,24.4,54.7,2.9,482.4,21.0,0.0249999985098839
35603202,0-20 cm,8.666,5.7,7.82,13.6,30.7,1.5,254.9,,0.0250013060867786
33561702,0-20 cm,,7.7,50.4,12,43.8,1.2,526.4,40.0,1.30296421051025
33961984,0-20 cm,,7.8,16.39,5,< LOD,0.8,98,19.0,0.0
33941964,0-20 cm,,7.7,19.67,12.5,10.9,1.3,285,30.0,3.07472491264343
36043406,0-20 cm,,5.6,12.95,18.7,87.2,2,156.9,16.0,0.300534725189209
35943316,0-20 cm,,6.0,15.43,31.9,16.6,3.4,140.3,31.0,0.475168198347092
35382858,0-10 cm,,5.8,20.43,27.9,65,3.1,517.5,15.0,0.504615545272827
34201972,0-20 cm,,6.9,38.0,72.7,54.1,6.9,655.2,12.0,0.732168674468994
34221974,0-10 cm,,7.1,36.4,44.2,< LOD,4.5,317.7,11.0,2.15166460293403e-06
34181898,0-10 cm,,7.4,35.4,17.3,76.7,1.3,206.1,16.0,0.174999997019768
36463488,0-10 cm,,6.2,22.19,15,23.9,1.7,163.1,21.0,0.314516603946686
34862308,0-20 cm,,4.8,37.35,12.7,54.9,1.6,266.5,22.0,3.11902856826782
34381904,0-10 cm,,7.6,38.8,20.3,67.2,2,1115.9,36.0,0.175001084804535
35762944,0-20 cm,1.029,7.2,18.6,15.9,34.8,1.7,189.9,22.0,
34762150,0-20 cm,,7.2,17.53,10.8,26.4,1.8,78.9,28.0,2.71100759506226
34561990,0-10 cm,,6.3,53.6,308.3,39.3,17.9,706.8,16.0,0.200005754828453
34982298,0-20 cm,,5.6,10.18,18.8,43,2.1,306,27.0,14.1270961761475
35702806,0-10 cm,,6.7,11.31,17,29.9,1.9,77.5,8.0,0.0249999985098839
35562696,0-10 cm,,7.4,25.75,44.5,75,4.3,1095,32.0,0.400215983390808
35682776,,1.029,,,,,,,8.0,0.250959694385529
35562670,,0.882,,,,,,,24.0,0.33377742767334
36303142,0-20 cm,,5.2,9.19,20.7,13.1,2.1,72.3,16.0,0.0
35002106,0-10 cm,,7.5,21.5,11.6,14.4,1.6,297.6,31.0,1.57132887840271
35602558,0-20 cm,1.023,7.0,21.0,62.8,< LOD,4.7,282,32.0,
35422410,0-20 cm,,6.9,25.98,7.2,79.3,1,120.4,11.0,28.8179607391357
35062104,0-20 cm,,7.3,17.08,12,21.8,1.5,224.1,27.0,22.5972557067871
35021982,0-10 cm,,6.9,15.61,13.5,20,1.3,486.6,41.0,0.125002294778824
36002704,,1.438,,,,,,,27.0,8.03403091430664
35482240,0-20 cm,1.203,5.6,17.14,37.4,13.5,4.6,120.7,23.0,
36462948,0-10 cm,,3.2,20.4,318.3,32.2,13.1,327.8,7.0,0.0249999985098839
35582196,0-20 cm,,7.1,18.18,72.3,< LOD,4.6,253.5,26.0,0.0
35942470,0-10 cm,,7.0,34.22,56.5,22,4.7,225.7,34.0,0.141480445861816
36382808,,1.4,,,,,,,26.0,0.227477490901947
36302530,0-10 cm,,5.0,7.58,18.1,37.1,1.8,260.6,16.0,0.0249999985098839
36382586,0-10 cm,,4.7,15.99,49.2,18.6,4.8,139.5,23.0,1.2814308547604e-06
36382568,0-20 cm,,4.5,13.95,74,49.7,6.6,304,22.0,0.0569464638829231
36722782,0-20 cm,,6.4,22.44,13.7,24.7,1.5,259.1,22.0,0.299999982118607
36942938,0-10 cm,,6.5,18.06,30.1,41.6,2.7,177.2,7.0,0.0749999955296516
36402440,0-10 cm,,5.8,13.9,64.1,< LOD,3.9,212.8,24.0,2.8531299989254e-08
36602546,0-10 cm,,5.2,6.48,48.5,15.8,4.3,75.1,28.0,0.0684461295604706
36542470,0-10 cm,,6.0,13.35,36.8,22.9,3.5,52.6,28.0,0.100002057850361
36482412,,,,,,,,,21.0,1.34859203626547e-06
36922798,0-10 cm,,6.0,12.69,12.7,49.2,1.5,253.9,33.0,0.309009790420532
37042900,0-20 cm,1.347,6.1,8.84,11.3,38.2,1.3,165.4,23.0,
36982782,0-20 cm,,5.7,12.0,10.8,56,1.3,231.3,22.0,0.299999982118607
36702474,0-10 cm,,6.8,15.72,20.9,144.7,2,131.4,52.0,0.193615019321442
36662416,0-10 cm,,7.1,18.47,53.5,< LOD,4.1,286.3,38.0,0.566781520843506
36702442,0-10 cm,,6.6,29.61,87.5,65,8.9,607.8,15.0,2.49641425398295e-06
36562298,0-10 cm,,7.2,17.65,9.2,14.4,1.1,183,31.0,3.41457939147949
37282916,0-10 cm,,6.4,10.12,10.6,57.8,1.2,234.9,16.0,2.56010389328003
37022674,0-10 cm,,6.1,7.33,8.8,23.1,1,98.6,30.0,1.35634708404541
36602258,0-20 cm,,6.9,21.54,27,11.7,3.4,131.3,29.0,0.275137186050415
37503086,0-20 cm,,6.3,11.09,14.2,74.5,1.6,159.3,9.0,0.614515900611877
36862396,0-10 cm,,6.4,26.0,51.2,< LOD,5.1,515.7,39.0,3.42745637893677
36822342,0-20 cm,,5.6,16.38,50.2,13.5,3.3,319.5,17.0,1.97935473918915
37042554,0-10 cm,,4.9,5.99,18.6,< LOD,1.8,88.6,16.0,0.0250000506639481
36842308,0-20 cm,,6.3,21.52,34.9,29,3.6,394.6,40.0,3.62930631637573
37002426,0-20 cm,,4.8,9.1,11.8,28.2,1.6,43.8,17.0,1.3704354763031
37282682,0-10 cm,,6.4,8.62,14.8,27.6,1.3,185.3,26.0,0.299999982118607
37222540,0-20 cm,,4.4,9.83,45.1,22.6,4.6,117.5,20.0,0.0499999970197678
37362642,0-20 cm,,6.4,26.49,14.6,54.8,1.6,124.9,9.0,0.0
37142388,0-10 cm,,5.7,6.41,20.5,42.2,2.3,112.6,10.0,0.175000160932541
37582828,0-20 cm,1.027,7.4,19.83,16.1,34.4,1.8,491.7,32.0,
37242460,0-20 cm,,5.7,11.92,33.5,12.6,3.6,452.4,30.0,0.0999999940395355
37082290,0-20 cm,,3.5,11.48,141.2,50.1,8.6,160.5,16.0,0.0
37362534,0-20 cm,,5.9,20.13,34.1,22,3.7,110.4,20.0,0.0249999985098839
37963072,0-20 cm,1.359,6.3,10.86,16,35.6,1.5,204.7,13.0,
37902958,0-10 cm,,7.1,18.41,8.5,49.9,1.8,419.5,23.0,0.299999982118607
38023064,0-20 cm,0.923,7.1,31.45,31,38.7,3.1,315.4,33.0,
37502514,0-20 cm,,4.7,32.16,191.3,24,16.7,208.2,7.0,0.0499999970197678
37982980,,0.997,,,,,,,24.0,1.18142318725586
37642496,0-20 cm,,4.6,35.6,158.1,28.6,13.9,305.1,9.0,0.0499999970197678
37582414,0-20 cm,,5.0,11.19,87,12.8,7.7,164.4,15.0,0.0500006526708603
37602424,0-10 cm,,4.6,16.97,191.8,24.1,12.2,206.7,9.0,0.0
38182982,0-20 cm,,7.2,11.06,8.3,40.5,1.1,177.1,19.0,0.355502396821976
37942720,0-20 cm,,7.4,19.46,33.5,26.5,3.8,745,51.0,0.303923696279526
37942716,,0.889,,,,,,,30.0,0.299999982118607
38263030,0-20 cm,,7.1,34.59,16.1,89.7,2,422.1,16.0,0.869378447532654
37862536,0-20 cm,0.987,6.8,25.93,48.5,< LOD,4.3,723.8,35.0,
38282956,0-10 cm,,6.6,6.96,8.8,38.9,1.2,153.2,18.0,0.302307784557343
38062710,0-20 cm,,7.4,21.2,23.5,41.4,2.5,311.9,26.0,0.0
37802332,0-10 cm,,6.4,45.84,78,< LOD,8,233.3,27.0,0.050000011920929
38082624,0-20 cm,,5.5,10.62,26.9,20,2.9,238.4,20.0,0.0
37922340,0-10 cm,,7.0,15.31,79.2,< LOD,7.9,335.5,24.0,0.125001147389412
38482860,,1.547,,,,,,,16.0,0.613108992576599
38162422,0-20 cm,,4.4,18.31,171.9,24.5,12.4,225.9,10.0,9.60189936449751e-08
38482526,0-20 cm,,4.3,45.14,40.2,33.3,4.1,147.6,12.0,0.0
38582546,,0.921,,,,,,,11.0,0.0
38862888,,1.109,,,,,,,33.0,0.320341467857361
38582504,0-20 cm,,4.6,7.77,21.9,< LOD,2.2,140.9,9.0,0.0
38762680,0-10 cm,,4.9,19.01,84.6,21.8,5.9,315.6,18.0,0.0
38902826,0-10 cm,,7.2,24.55,21.2,45.4,1.8,271.6,28.0,0.447788268327713
38942726,0-20 cm,1.329,6.2,8.9,11,22.7,1.4,111,14.0,
39082862,0-20 cm,,7.0,24.88,27.1,59.2,2.8,180.2,21.0,0.702447950839996
39082838,0-20 cm,,7.3,18.79,19.6,36.2,2.3,380.9,30.0,0.544502675533295
38842482,,0.853,,,,,,,9.0,0.0
38862478,0-20 cm,,3.5,20.6,198.4,33,10.7,156.4,21.0,0.0499999970197678
38882480,0-20 cm,,4.0,16.78,79.1,46.7,6.8,223.9,7.0,0.0
39262964,0-10 cm,,5.0,9.94,37.5,22.4,3.8,133.1,21.0,0.0750009045004845
38982480,0-20 cm,,5.2,10.67,36.5,48.6,3.7,423.8,13.0,0.0
39583216,0-20 cm,0.594,5.2,57.3,251.7,96.3,22.1,283.8,,6.12051337611774e-07
39523056,0-20 cm,1.344,7.2,16.84,11.7,58.2,1.3,257.9,21.0,
39202282,0-20 cm,1.023,7.0,30.57,140.2,21.3,5.3,354.6,44.0,
39783064,0-20 cm,1.17,7.1,19.72,13.1,36.3,1.5,259.7,24.0,
39662870,0-20 cm,,5.8,7.97,14.2,44.8,1.7,162.7,26.0,0.0250030960887671
39622726,0-20 cm,,7.0,19.3,24.5,94.6,2.9,418,31.0,2.82387065887451
39742788,0-20 cm,,6.0,10.75,35.2,22.1,3.4,436.8,37.0,1.46008360385895
39642470,0-20 cm,0.586,6.0,42.07,160.4,27.6,14.3,164.6,,0.0
39882832,0-10 cm,,7.1,28.61,34.9,24.1,4.1,517.6,32.0,1.16649878025055
39622376,0-10 cm,,7.3,21.77,40.1,< LOD,3,456.3,40.0,0.0749999955296516
39982874,0-20 cm,,6.9,38.5,126.4,16.6,7.7,374.3,39.0,0.0
39842378,0-20 cm,1.107,7.4,13.93,13.9,< LOD,1,158.7,28.0,
40102842,0-10 cm,,6.6,27.1,98.9,13.9,5.8,629.3,42.0,0.0
39822308,0-20 cm,,7.5,19.45,15,13.2,1.9,482,44.0,1.75309492078668e-06
39982520,0-20 cm,0.858,6.0,10.08,46.8,< LOD,3.7,160,46.0,
40202910,0-20 cm,,7.1,35.51,17.9,18.6,2.1,225.9,29.0,0.0250000040978193
40503370,0-20 cm,1.487,7.0,14.11,12,75.2,1.5,249.8,25.0,
40242886,0-10 cm,,6.3,28.1,128.3,17.4,8,310,35.0,0.0249999985098839
40162726,0-20 cm,,5.6,7.85,31.8,< LOD,2.9,110.9,25.0,0.0249999985098839
40262632,0-10 cm,,7.0,30.8,99.5,18.4,7.2,126,27.0,0.0
40102270,0-20 cm,,7.3,14.81,16.5,17.8,1.5,493.9,28.0,0.284257292747498
40462774,0-10 cm,,5.3,17.73,29.5,92.5,3.1,290.3,17.0,0.0929570645093918
40422634,,0.456,,,,,,,12.0,0.0
40562852,0-20 cm,,7.2,12.8,25.9,31.7,3,432,39.0,7.82729816436768
40522492,0-20 cm,,6.8,26.71,48.1,15.4,4.5,81.6,20.0,0.0
40542512,0-20 cm,0.549,3.8,9.65,68.8,17.2,3.4,75.5,12.0,
40562500,0-10 cm,,7.0,20.1,40.6,10.8,4.3,158.7,23.0,0.0249999985098839
40822300,0-10 cm,,6.9,23.42,76.6,< LOD,6.6,303.9,23.0,0.371473401784897
41263244,0-20 cm,,6.1,10.03,20.2,70.1,1.7,58.1,7.0,0.793097019195557
41403376,0-10 cm,,5.7,22.0,42.5,37.8,4.6,486,43.0,0.0
41302764,0-20 cm,,7.3,21.27,20.8,37.5,2.2,528.3,31.0,0.299999982118607
41342812,0-10 cm,,6.8,8.99,22.2,32.2,2.2,425.2,24.0,0.250001788139343
41523334,0-20 cm,0.335,4.0,55.2,510.7,88.3,19.3,234,,0.0250001959502697
41382834,0-20 cm,,7.4,18.5,13.9,25.7,1.4,334.9,24.0,4.94326400756836
41643396,0-20 cm,1.218,5.5,10.51,21.6,83.9,2,172.3,5.0,
41663232,0-20 cm,,4.9,10.14,26.2,83.7,2.1,131.8,2.0,2.76770713014685e-08
41643072,0-10 cm,,3.4,14.85,103.1,18.6,5,61.9,16.0,1.28762698281548e-08
41783356,0-20 cm,0.263,3.5,41.3,530.7,31.7,12.5,64.7,,0.0249999985098839
41763118,0-10 cm,,4.7,21.6,43.9,40.9,4.6,112.9,16.0,9.97733783721924
41722878,0-20 cm,1.329,6.4,20.51,13.4,72.6,1.4,350.7,10.0,
41622476,0-20 cm,,5.2,8.63,12.3,18.9,1.7,36.7,15.0,41.7460441589355
41823036,0-20 cm,1.475,6.2,14.84,22,33.1,2.2,298.8,19.0,
41862472,0-20 cm,0.953,6.4,30.25,24.6,25.7,2.9,67.2,15.0,
42083224,0-20 cm,,3.8,14.89,82.8,36.8,5,79.7,11.0,5.93065500259399
41982722,0-20 cm,,6.7,20.2,58.1,10.4,5.1,45.7,34.0,0.0
42182748,0-20 cm,,7.2,20.3,23.9,58.7,2.8,339.3,40.0,0.0
42142394,0-20 cm,,6.1,9.79,25.2,< LOD,2.6,117.1,16.0,0.47955396771431
42221850,,1.039,,,,,,,36.0,1.31168830394745
42443112,0-20 cm,,3.6,9.95,68.4,41.8,3.5,72.9,21.0,0.0
42463162,0-20 cm,,3.9,18.46,59.9,51.1,3.8,153,27.0,0.0
42362456,0-20 cm,1.304,5.6,9.99,6.6,32,0.9,45.5,6.0,
42402468,0-20 cm,1.364,5.0,9.45,5.6,44.9,0.8,104.2,10.0,
42503186,10-20 cm,0.272,2.8,34.4,269.4,64.6,11.8,151.5,,0.0249999985098839
42482476,0-20 cm,1.397,5.5,11.71,12.7,16.5,1.6,99.8,16.0,
42583080,0-10 cm,,5.2,7.35,26.3,19,2.7,112,19.0,0.0
42542100,,1.132,,,,,,,18.0,0.0249999985098839
42723756,,1.016,,,,,,,5.0,6.77383995056152
42722500,0-20 cm,1.089,6.5,13.26,24.4,11.1,2.2,74.8,22.0,
42863186,0-20 cm,,4.0,39.8,96.5,40.1,5.3,80.2,16.0,0.0
42842416,0-20 cm,1.077,7.3,16.44,15.6,< LOD,1.9,256.6,30.0,
43022698,0-10 cm,,5.6,22.1,144.2,16.5,8.1,209.2,11.0,0.0591202042996883
43143676,0-10 cm,,5.5,10.68,13.2,44.9,1.5,160,14.0,2.87504291534424
43182690,0-10 cm,,7.0,54.0,59.9,< LOD,5.9,90.7,31.0,0.0250002089887857
43263184,0-10 cm,,3.4,37.8,290.1,91.3,13,349.9,14.0,4.2563050861588206e-09
43263828,,1.193,,,,,,,3.0,2.83041667938232
43343760,0-20 cm,,5.3,20.7,39.2,71.5,2.6,127.9,5.0,0.0
43402682,0-10 cm,,4.4,31.3,324.3,62.9,13.5,407.8,10.0,0.0250000040978193
43543036,,1.448,,,,,,,43.0,0.302064955234528
43622690,0-10 cm,,6.2,141.7,241.8,46.1,15.1,332.4,21.0,0.0250000432133675
43583284,10-20 cm,,4.1,6.81,51.3,22.1,2.6,31,4.0,2.54552316665649
43723014,0-10 cm,,5.5,5.02,14.7,17,1.4,292.6,21.0,0.670385479927063
43723450,,1.565,,,,,,,14.0,1.0142617225647
43803090,0-20 cm,,7.1,21.7,53.6,48.1,5,893.2,40.0,0.299999982118607
43842966,0-20 cm,,6.4,15.02,9.6,16.6,1.1,125.5,15.0,2.9961416721344
43882828,0-20 cm,,7.2,27.5,54.7,51.8,4.8,169.8,21.0,14.0489110946655
43982388,0-20 cm,,7.4,16.2,14.4,< LOD,1.8,214.9,34.0,2.20188188552856
43962560,0-20 cm,0.65,7.0,73.1,98.8,14.9,7.7,186.4,22.0,
44102480,0-20 cm,0.854,7.4,17.92,26.5,145.6,0.9,107.6,27.0,
44182560,0-20 cm,0.967,4.3,11.23,33.1,< LOD,1.5,43.7,11.0,
44242606,0-20 cm,,6.1,35.51,26.7,26.4,3.2,237.6,17.0,0.0
44103574,0-10 cm,,5.9,7.79,16.3,29.5,1.8,122.9,14.0,0.307557612657547
44143586,0-10 cm,,6.2,12.56,18.3,26.5,1.9,117.6,20.0,0.500765442848206
44322920,0-10 cm,,6.7,20.5,32.6,36.3,2.8,196.8,25.0,1.38170560148865e-06
44482636,0-20 cm,,5.5,31.48,31.8,42.6,2.9,79.7,7.0,0.0
44483096,0-20 cm,,7.1,29.3,36.5,66.5,3.7,454.8,53.0,0.375653862953186
44363574,0-10 cm,,5.0,11.66,14.6,37.8,1.6,116.1,12.0,7.45377635955811
44244052,0-20 cm,1.02,3.6,6.58,56.3,< LOD,2.2,47,3.0,
44264058,0-20 cm,0.849,4.5,8.78,61,43.9,4.3,78.2,11.0,
44742400,0-20 cm,0.885,7.0,152.9,87.3,25.4,6.8,375.8,75.0,
44304076,0-20 cm,0.13,2.8,29.3,507.6,40.4,15.9,189.5,,
44403826,0-20 cm,0.793,5.0,35.7,54.8,31.5,5,362.3,52.0,
44403838,0-20 cm,0.409,4.2,19.8,187.3,30.6,9.2,159,4.0,
44762530,0-20 cm,1.013,7.0,32.3,53.2,< LOD,4.7,146.7,10.0,
44882226,0-20 cm,,6.9,32.11,21.5,< LOD,2.4,122.1,18.0,
44384020,0-20 cm,,4.6,9.15,112.6,11.2,4.7,88.8,13.0,
44942422,0-20 cm,,7.3,9.03,5.1,53.6,0.5,55.3,5.0,2.13612699508667
44444080,0-20 cm,0.731,3.8,12.26,62.4,14.3,3.8,98.4,29.0,
44464042,0-20 cm,0.176,4.2,59.8,398.4,17.7,22,153,6.0,
44464090,,,,,,,,,3.0,
44942712,0-10 cm,,3.7,9.16,69.9,21.8,4.3,83.2,11.0,0.0
44484206,0-20 cm,0.146,3.4,7.82,55.6,11.1,2.5,87.2,3.0,
44544060,0-20 cm,0.948,4.0,4.69,46.2,< LOD,1.7,34.2,5.0,
45062500,0-20 cm,1.468,7.6,16.18,37.7,16.8,1.4,195.2,31.0,
44564034,0-20 cm,0.877,3.8,7.17,39.1,< LOD,1.7,52.3,4.0,
44564074,0-20 cm,0.87,4.5,8.96,64.7,< LOD,5.6,265.7,68.0,
44603962,0-20 cm,0.825,4.9,7.44,20.5,19.6,1.3,213,7.0,
44683766,0-20 cm,,4.9,35.1,89.7,46.7,6.7,163.1,23.0,
45042696,0-10 cm,,4.0,52.9,133.2,45.5,10.6,267.9,16.0,0.0
45102516,0-20 cm,,7.1,27.16,52.6,16,2.1,87.4,10.0,
44604030,0-20 cm,0.793,3.3,6.33,72.8,10.8,2.5,63.6,4.0,
44683820,0-20 cm,0.725,4.0,19.06,68.5,28.2,4.5,85.5,10.0,
44604052,0-20 cm,1.033,3.7,5.01,27.3,13.9,1,31,3.0,
45062714,0-10 cm,,5.3,50.8,49.5,15.5,5.3,246.5,27.0,1.56205516077534e-07
44604070,0-20 cm,1.013,4.5,4.81,23.7,< LOD,1.2,23.5,20.0,
44683856,0-20 cm,0.513,3.6,28.3,175.5,29.1,10.1,119.4,10.0,
44663914,0-20 cm,0.119,3.2,14.99,520.6,51.4,16.5,306.5,13.0,
44663942,0-20 cm,1.106,5.5,11.29,28.6,37.7,2.5,116.6,31.0,
44624094,0-20 cm,0.169,4.1,8.02,34.3,10.7,2.7,83.4,19.0,
44604174,0-20 cm,0.163,3.0,4.88,59.3,< LOD,1.7,68.9,,
45182534,0-20 cm,,7.4,17.27,20.6,< LOD,1.3,136.2,36.0,0.351142913103104
44723916,0-20 cm,1.198,6.1,10.86,22.7,25.9,2.2,173.1,41.0,
44743884,0-20 cm,0.677,3.7,9.14,67.6,< LOD,2.9,124.8,6.0,
44743890,0-20 cm,1.103,5.8,12.91,38.6,20,3.3,163,24.0,
44783818,0-20 cm,0.673,4.6,23.8,59.1,16.9,5,136.6,7.0,
44624292,0-20 cm,,4.1,5.52,102.8,< LOD,2.2,63.5,2.0,
44704130,0-20 cm,0.084,4.1,6.84,56.9,14.5,3.5,42.2,4.0,
45601646,0-20 cm,,7.5,18.3,15.8,< LOD,1.1,692.2,57.0,1.41860973834991
44684198,0-20 cm,0.427,3.7,24.4,120.3,21.2,4.9,122.5,4.0,
45242722,0-20 cm,0.34,4.5,30.8,227,26.4,14.8,167.6,,0.0
44644312,0-20 cm,0.099,3.2,24.4,516.5,36.2,22.4,180.9,,
44863766,0-20 cm,,5.1,7.9,27.1,102.7,2.5,170.2,11.0,
44764032,0-20 cm,0.039,4.2,7.46,44.4,< LOD,2.3,145.4,6.0,
44724132,0-20 cm,0.772,3.2,7.34,56.8,< LOD,2.2,103.4,1.0,
44624422,0-20 cm,0.581,3.7,7.89,37.6,27.1,2,96.2,3.0,
44744208,0-20 cm,0.929,3.1,6.56,38.5,< LOD,1.2,39.7,3.0,
44804076,0-20 cm,0.622,4.1,11.12,157,22.7,7.9,94.2,15.0,
45362696,0-10 cm,,3.9,6.57,82.8,22.9,5.3,124.2,24.0,0.0
44923890,0-20 cm,1.198,5.3,8.64,16.2,22.2,1.7,75.7,18.0,
44923902,0-20 cm,1.29,4.9,5.4,21.1,56.1,1.4,95.7,3.0,
44844098,0-20 cm,0.077,3.8,4.26,23.6,26.9,0.9,33.1,2.0,
44943874,0-20 cm,0.995,3.8,6.75,19,< LOD,1,52.3,6.0,
44884030,0-20 cm,0.102,4.2,10.19,54.6,< LOD,3.4,180.1,30.0,
44844134,0-20 cm,0.943,3.8,4.99,27.3,20.3,1.4,36.9,2.0,
44983828,0-20 cm,0.802,3.4,4.59,27.2,< LOD,1.3,23.3,5.0,
45023756,0-20 cm,,3.1,17.3,252.7,38.2,11.6,263.3,6.0,
44963904,0-20 cm,0.925,3.6,5.69,22.1,30.6,1.5,53.9,2.0,
44963908,0-20 cm,1.103,4.9,10.54,28.9,25,1.8,103.9,3.0,
44884094,0-20 cm,0.064,3.4,7.25,36.8,27.7,1.6,86.7,2.0,
44844188,0-20 cm,0.727,3.7,16.35,436.1,31.3,13.1,757.5,,
44924046,0-20 cm,0.545,3.5,5.61,43.6,12.6,1.8,42.8,5.0,
44904150,0-20 cm,0.702,3.1,14.89,451.3,50.1,13.2,270,,
45123664,0-20 cm,1.205,4.6,24.06,22.1,45.5,2.1,48.1,12.0,
45123700,0-20 cm,0.577,3.4,10.78,96.5,12,4.7,69.1,7.0,
45123718,0-20 cm,1.264,5.0,12.04,34.9,105.4,2.3,53.3,6.0,
45063878,0-20 cm,0.183,2.8,25.0,308.3,60.6,12.5,179.1,9.0,
44884274,0-20 cm,,3.7,3.79,21.2,< LOD,0.8,31.4,4.0,
45004036,0-20 cm,1.086,4.6,18.72,19.1,< LOD,1.8,73,23.0,
44824420,0-20 cm,,4.9,13.38,58.8,21.6,2.9,231.3,14.0,
45183658,0-20 cm,0.635,3.8,24.9,79.8,40.3,5.6,123.8,16.0,
45103836,0-20 cm,0.51,4.1,8.75,64.9,11.8,3.4,52.7,7.0,
45143760,0-20 cm,,3.0,18.62,484.6,83.5,14.3,486,,
45004078,0-20 cm,0.77,3.6,5.64,19.5,< LOD,0.9,36.3,13.0,
45183718,0-10 cm,,5.5,26.44,62.4,73,4.5,77.8,6.0,
44924280,0-20 cm,0.892,3.5,2.8,29,13.8,1,24.5,3.0,
45203698,0-20 cm,0.328,2.9,15.55,298,20.5,13.1,172.3,6.0,
44864414,0-20 cm,0.336,3.5,15.59,195.7,22.8,7.9,249.6,10.0,
44964210,0-20 cm,0.579,3.4,12.63,440.3,14.7,9.8,577.7,,
45243630,0-20 cm,1.389,7.0,10.56,14.8,28.8,1.7,209.8,27.0,
45004144,0-20 cm,,3.8,4.09,48.2,< LOD,1.9,62.7,3.0,
45143854,0-10 cm,,3.1,5.77,57.5,< LOD,2.6,63.7,6.0,
45004150,0-20 cm,0.07,3.3,3.69,25.5,< LOD,1,35.6,2.0,
45024130,0-20 cm,0.218,3.0,18.7,457.4,36.4,21.2,189.1,4.0,
45064062,0-20 cm,0.487,3.4,17.61,69.9,25.5,3.4,93.6,5.0,
45562982,0-20 cm,,5.3,10.9,34.1,< LOD,3.7,65.6,30.0,3.86357975006104
45203792,0-20 cm,0.713,3.9,7.06,42.6,< LOD,2.1,37,7.0,
45064102,0-20 cm,0.837,3.9,5.37,24.5,29.3,1,80,5.0,
45203834,0-20 cm,0.41,3.9,26.1,136.1,19.7,9.4,52.8,13.0,
45163932,0-20 cm,1.115,5.0,10.68,19.4,34.1,1.9,174.8,17.0,
45183892,0-20 cm,0.332,3.6,20.7,158.4,53.9,9.7,178.9,9.0,
46181644,0-20 cm,1.315,7.0,20.9,16.7,,1.9,464.3,41.0,18.7610607147217
45203870,0-20 cm,,4.0,24.8,56.6,17.4,4.5,39.7,10.0,
45044198,0-20 cm,0.066,3.1,11.87,498.85,51.75,12.1,465.4,3.0,
45203882,0-20 cm,0.242,3.2,36.1,311,34.4,15,274.2,5.0,
45323652,0-20 cm,0.817,3.6,16.77,63.1,15.8,3.7,72.8,20.0,
45124060,0-20 cm,0.733,4.1,10.25,51.1,< LOD,2.9,83.3,24.0,
45323656,0-20 cm,0.251,3.0,34.1,320.3,42.2,12.8,164.1,,
45523252,,1.413,,,,,,,3.0,0.0
45203924,0-20 cm,1.159,6.5,11.96,18,25.1,1.6,79.6,20.0,
45104136,0-20 cm,0.154,3.7,15.25,28.3,25,2.5,34.4,2.0,
45124114,0-20 cm,0.12,3.8,5.42,12.3,< LOD,0.8,< LOD,3.0,
45243882,0-20 cm,0.7,3.7,6.97,54.1,21.8,3.6,34.1,7.0,
45523324,0-20 cm,0.909,3.5,14.43,55.7,45.2,4.1,76.9,,0.0
45243904,0-20 cm,1.217,4.8,11.66,15.3,25.9,1.6,89.2,16.0,
45303820,0-20 cm,0.82,3.4,5.87,27.2,21.7,1.3,37.9,5.0,
45184078,0-20 cm,1.156,3.4,2.5,9.4,< LOD,0.5,18.1,5.0,
45423634,0-20 cm,1.265,5.3,17.68,19.5,38.3,2,56.1,8.0,
45822828,0-20 cm,,3.3,20.6,243.9,33,12.9,140.4,13.0,2.69154227794388e-08
45283926,0-20 cm,0.716,3.5,7.55,57.2,< LOD,2.5,58.7,13.0,
45323868,0-20 cm,0.573,3.8,12.98,85.9,29.9,5.2,94.9,5.0,
45303910,0-20 cm,1.09,5.7,8.36,23.3,25.9,2.3,48.5,7.0,
45423684,0-20 cm,0.811,4.4,5.88,48.7,35.6,3.4,45.4,6.0,
45463614,0-20 cm,,4.9,6.46,19.4,69.9,1.8,173.8,6.0,
45124270,0-20 cm,,3.5,7.65,29.6,< LOD,1,26.7,2.0,
45383788,0-20 cm,0.499,3.2,14.39,94.9,24.6,3.7,66.6,8.0,
45184186,0-20 cm,0.861,3.3,4.26,41.9,19.9,1.4,59.4,3.0,
45463704,0-20 cm,0.15,2.8,16.15,519.7,51.2,19.8,235.2,,
45383878,0-20 cm,0.399,4.3,38.21,417.1,60.7,21.3,296.2,8.0,
45503652,0-20 cm,1.145,4.7,35.59,33.6,110.2,3.3,94.4,7.0,
45264114,0-20 cm,,3.3,9.55,70.4,< LOD,2.7,67.6,5.0,
45403874,0-20 cm,0.587,3.8,32.2,98.3,32.1,6.5,111.5,7.0,
45284100,0-20 cm,1.077,3.6,2.72,10.6,< LOD,0.7,13.8,4.0,
46082542,,0.08,,,,,,,26.0,0.232158869504929
45204248,0-20 cm,,3.6,7.26,64.7,17.3,3.2,58.3,5.0,
45383972,0-20 cm,0.508,3.8,14.82,85.4,16.4,5.5,85.7,29.0,
46202440,0-20 cm,0.773,6.7,10.19,33.9,< LOD,2.8,218,31.0,
46122606,0-10 cm,,4.7,12.72,150.9,14.4,6.5,145.1,24.0,2.00099989910996e-08
45423958,0-20 cm,1.06,5.7,17.41,33.9,27.9,3,177.6,57.0,
46581654,0-20 cm,,7.1,24.39,23.7,< LOD,2.3,299.2,56.0,4.87759065628052
46002900,0-20 cm,0.797,5.0,12.76,67.7,20.4,5,121.7,,0.67904406785965
45483874,0-20 cm,,4.0,7.76,29.6,14.2,2.2,48.1,4.0,
45364090,0-20 cm,0.811,3.9,8.12,37.2,< LOD,2.5,42.1,3.0,
45304198,,0.088,,,,,,,,
45503854,0-20 cm,0.648,2.9,8.1,63,16.3,2.1,62.8,3.0,
45483892,0-20 cm,0.962,5.4,17.49,32.2,32.2,2.4,84.8,4.0,
45823278,10-20 cm,,4.5,8.27,40.5,21.2,2.8,47.2,2.0,
45563756,0-20 cm,,3.2,14.5,76.2,47.6,3.4,134.1,4.0,
45923114,0-20 cm,0.598,3.2,16.68,89.4,20,4.2,77.1,4.0,
45304234,0-20 cm,0.237,2.9,10.88,248.3,14.9,5.6,264.1,4.0,
45463966,0-20 cm,0.119,3.1,18.63,465.2,41.7,17.1,224.3,,
45663622,0-20 cm,1.2,6.4,22.79,24.2,156.8,2.5,156.3,14.0,
45503926,0-20 cm,0.87,5.4,9.1,24.7,18.5,2.3,132.9,30.0,
45304270,0-20 cm,,3.6,5.73,79.1,24.2,2.4,57,8.0,
45643686,0-20 cm,0.779,3.7,9.23,87.9,25.7,5.1,105.4,8.0,
46302452,0-20 cm,0.707,6.6,23.8,49.5,< LOD,4.8,596.4,,
46681664,,1.354,,,,,,,44.0,0.20000022649765
45683638,0-20 cm,0.335,5.1,72.5,137.3,35.3,10.6,80.3,10.0,
46741570,0-10 cm,,7.5,11.17,11,< LOD,1.4,434.9,58.0,3.13179278373718
45683670,0-20 cm,0.327,3.1,21.2,274.8,32.7,13.9,151.6,5.0,
45464052,0-20 cm,0.892,3.3,5.17,51.8,13.4,1.8,41.1,3.0,
46761582,0-20 cm,,7.4,19.05,11.9,< LOD,1.4,433.5,37.0,1.9360488653183
45923270,0-20 cm,1.368,4.0,4.49,16.8,41.8,1,24.9,3.0,
45743608,0-20 cm,1.503,6.7,17.91,8.7,122.1,1,95.7,4.0,
45763604,0-20 cm,1.229,5.0,12.91,19,32.6,2.3,86.2,27.0,
45603882,0-20 cm,0.793,3.0,5.11,27,< LOD,1,49.8,3.0,
45583928,0-20 cm,,3.8,11.43,82.4,21.2,6.1,92.4,24.0,
45464154,0-20 cm,,3.5,13.9,133.6,14,5.3,138.9,6.0,
45643866,0-20 cm,0.962,3.9,14.63,28.3,< LOD,2.2,130.9,13.0,
45963382,0-20 cm,,5.6,8.45,10.5,44.9,1.2,124.8,4.0,0.377266407012939
45544090,0-20 cm,0.984,5.2,27.0,46.6,58.3,3.9,50.1,7.0,
45444258,0-20 cm,,4.9,2.59,21.9,< LOD,1.2,23.4,4.0,
46921612,0-10 cm,,7.6,18.77,8.8,< LOD,1.3,481.6,31.0,1.04635334014893
45244598,0-20 cm,1.147,3.9,5.8,37.2,14.1,1.7,30.5,10.0,
45723844,0-20 cm,1.215,4.4,2.78,4.7,< LOD,0.3,20.8,4.0,
45444294,0-20 cm,1.217,4.6,2.47,10.8,11.7,0.7,15,3.0,
45564112,0-20 cm,0.318,4.0,8.13,79.6,< LOD,2.8,71.4,6.0,
45743828,0-10 cm,,4.2,5.17,42.6,21.1,1.8,38.5,8.0,
45763802,0-20 cm,0.715,4.4,6.83,32.7,24.5,2.6,65.6,5.0,
45703900,0-20 cm,0.981,3.6,5.35,27.6,< LOD,1.6,29.2,2.0,
45763820,0-20 cm,0.883,4.2,7.93,52.8,34.6,3.5,45.4,5.0,
46742110,,0.575,,,,,,,55.0,0.253613263368607
45863670,0-20 cm,1.173,6.6,24.5,23.6,41.5,2.4,112.8,10.0,
45484288,0-20 cm,1.089,4.3,2.72,8.5,< LOD,0.5,12,2.0,
45564170,0-20 cm,0.52,3.0,9.38,125.4,14.1,3.9,116,5.0,
46382836,0-10 cm,,3.5,23.2,94.5,36.8,5.4,142.7,15.0,0.0
45604130,0-20 cm,0.069,3.6,13.94,386,32.1,13.5,880.4,4.0,
45843766,0-20 cm,0.765,3.1,5.19,48.3,10.3,1.5,32.8,2.0,
45823804,0-20 cm,0.864,3.5,4.62,32.2,50.8,1.2,36.3,4.0,
45743978,0-20 cm,0.443,2.9,9.92,129.2,17.1,3.8,139,3.0,
45564266,0-20 cm,0.088,2.8,10.07,476.8,31.7,10.6,379.2,3.0,
45704062,0-20 cm,,3.4,3.81,21.4,< LOD,0.9,24.1,3.0,
45903754,0-20 cm,0.193,3.0,26.4,462.7,51.4,13,811.3,,
45744008,0-20 cm,0.202,3.3,23.4,412.2,60.6,14.1,316.4,,
45364600,0-20 cm,0.177,4.3,55.3,395.9,10.1,22,42.4,,
45883824,0-10 cm,,3.6,14.6,79.8,23.3,4.8,93.5,12.0,
47161630,0-20 cm,1.267,7.4,11.24,4.4,,0.6,74.2,10.0,0.0
47261442,0-20 cm,1.269,7.6,89.9,22.1,253.8,2.7,1247.9,37.0,
45863868,0-20 cm,0.709,3.4,11.38,54,15.8,4.1,46,19.0,
46922116,0-20 cm,,7.1,34.21,27.1,22.5,2.6,688.3,55.0,10.2095746994019
45564332,0-20 cm,0.911,3.9,3.24,15.1,< LOD,0.7,19.7,3.0,
47221592,0-20 cm,,7.2,16.85,11,,1.1,325.3,29.0,0.100001096725464
45823962,0-20 cm,0.844,3.9,6.28,39.7,23.7,2.5,44.9,2.0,
45564350,0-20 cm,0.973,3.7,5.05,22.6,< LOD,1.5,37,8.0,
47201648,0-10 cm,,6.4,8.78,19.2,< LOD,1.4,173.1,11.0,
47221618,0-20 cm,,7.4,263.5,13.5,< LOD,1.5,531.7,59.0,0.829853355884552
46982080,0-20 cm,,7.3,19.87,16.9,88.8,1.7,582.4,56.0,21.8592414855957
45883896,0-20 cm,1.284,5.7,10.56,12.4,23.2,1.5,133.9,24.0,
45784048,0-20 cm,0.752,3.3,7.79,85.3,17.7,3.6,82.4,7.0,
46722576,0-20 cm,0.903,5.6,41.1,34.8,37.2,3.7,216.8,34.0,
45824010,0-20 cm,0.525,3.6,8.17,61.9,13.7,2.8,46,8.0,
45704188,0-20 cm,0.085,3.9,18.75,448.2,31.3,17.6,368.5,,
46003740,0-20 cm,0.167,3.2,15.16,114.8,19.7,5.1,105.8,,
46063684,0-20 cm,0.312,5.3,55.64,403.1,190.2,21.3,322.9,,
47321578,0-10 cm,,7.0,10.42,7.6,< LOD,0.8,147.3,17.0,6.76535558700562
45844024,0-20 cm,0.736,3.5,6.37,35.7,34.4,1.5,55.4,4.0,
46043728,0-20 cm,0.076,3.2,14.67,214.4,50.5,8,181.5,5.0,
46822484,0-20 cm,0.972,5.3,23.9,77.4,< LOD,6.5,244.4,,
45963860,0-20 cm,,3.2,8.97,113.7,19.3,3.8,88.5,8.0,
46003818,0-20 cm,0.441,3.6,9.33,69.4,20.6,3.7,53.1,11.0,
45844060,0-20 cm,,3.1,9.33,100.4,26,4.6,141.6,5.0,
46043778,0-20 cm,0.174,3.2,21.1,244,67.8,11.4,335.7,9.0,
45904000,0-20 cm,0.104,3.9,5.68,43.3,< LOD,1.2,29.1,,
46003858,0-20 cm,0.661,3.3,7.07,55.4,10,2.5,28.1,6.0,
45864106,0-20 cm,,3.7,6.28,51.2,< LOD,2.1,85,5.0,
46383352,0-20 cm,,5.2,9.53,4.1,51.9,0.6,87.1,4.0,0.324437260627747
46023898,0-20 cm,0.535,3.6,25.0,213.2,17.6,7,218.4,8.0,
46063842,0-20 cm,0.255,4.4,121.7,301.4,16.6,15.2,137.3,,
46103788,0-20 cm,0.097,3.3,14.14,99.4,34.8,4.5,116.8,8.0,
45924062,0-20 cm,0.663,3.6,6.24,42.8,< LOD,1.7,37.9,3.0,
47541538,0-10 cm,,7.3,22.72,49.1,16.3,5,288.5,22.0,0.175001114606857
46083880,0-20 cm,0.198,4.1,16.79,295.2,25.1,20.2,224.7,7.0,
45584576,0-20 cm,0.451,3.7,14.87,99.9,< LOD,3.9,27,,
45924116,0-20 cm,0.717,4.3,5.19,41.1,< LOD,1.9,41,6.0,
45784336,0-20 cm,0.983,4.3,2.31,23.7,< LOD,0.8,34.8,10.0,
45904180,0-20 cm,0.899,4.1,5.62,30.4,18.3,2.1,32.6,6.0,
45764378,0-20 cm,0.134,3.1,26.6,155.3,107.5,4.3,324.1,8.0,
46263700,0-20 cm,0.032,3.0,18.65,324.4,90.9,11.3,258.7,6.0,
45944144,0-20 cm,0.261,3.9,73.2,326.2,39.7,16.8,354.4,7.0,
46762986,0-20 cm,,6.3,13.9,13.6,53.3,1.5,104.4,8.0,0.0
46123910,0-20 cm,0.949,6.6,26.5,25.7,< LOD,1.7,62,11.0,
45904216,0-20 cm,0.583,3.7,7.82,94.5,14.5,3.8,87.6,9.0,
46103960,0-20 cm,0.647,4.2,10.41,96.3,12.1,5,49.6,8.0,
46183872,0-20 cm,0.532,4.0,15.19,101.5,22.2,6,90.9,7.0,
45884278,0-20 cm,0.374,3.6,9.22,106.9,13,3,162.7,6.0,
46024108,0-20 cm,0.338,4.8,46.1,179,10.5,9.7,73.5,13.0,
45764468,0-20 cm,1.003,4.6,15.08,19.2,< LOD,1.7,80.4,16.0,
46323742,0-20 cm,0.151,3.7,45.4,361,25.6,17.2,100.1,,
47242414,0-20 cm,0.591,7.0,36.9,105.5,< LOD,5.8,128.2,,
46183938,0-20 cm,1.573,5.3,9.115,137.65,< LOD,3.7,103.9,3.0,
46163970,0-20 cm,0.448,4.7,8.14,80.6,13.3,4.9,70.7,,
46104050,0-20 cm,0.649,3.1,6.1,64.2,< LOD,2.7,58.4,5.0,
47262412,0-20 cm,0.684,6.3,25.9,97,< LOD,5.8,137.5,34.0,
45964246,0-20 cm,,3.1,8.07,109.5,19.3,3,84.6,5.0,
46004196,0-20 cm,0.541,5.5,22.9,99.6,< LOD,6.1,156.4,37.0,
46144022,0-20 cm,1.26,5.3,14.88,22.2,34.3,2.1,118.9,25.0,
46183974,0-20 cm,0.502,3.1,13.76,492.3,42.9,17.9,301.4,9.0,
46383708,0-20 cm,0.088,3.4,21.1,319.8,36.6,12.7,130.5,,
47282424,0-20 cm,,5.9,11.38,51.3,< LOD,3.9,72.4,28.0,
46323810,0-20 cm,0.61,3.9,12.92,75.9,16.3,3.8,49.3,6.0,
46203982,0-20 cm,0.852,3.8,7.96,61.4,23.8,4.1,46,5.0,
46144062,0-20 cm,,3.5,21.76,346.9,21.5,12,277.9,14.0,
46403724,0-20 cm,0.314,3.6,28.5,170.5,25.4,7.9,141.2,5.0,
45984276,0-20 cm,,3.1,11.18,114.2,20.7,2.7,182.8,4.0,
46363782,0-20 cm,0.226,3.0,18.41,376.5,54.4,12.1,493.9,8.0,
46024234,0-20 cm,1.213,4.0,3.13,10.2,10.9,0.6,31.4,4.0,
46144080,0-20 cm,0.928,4.2,17.98,41.9,12.4,3.3,71.4,8.0,
45784544,0-10 cm,,3.7,3.77,17.4,11.5,1.4,44.6,7.0,
46263934,0-20 cm,1.238,5.8,17.13,18.1,23.2,2,167.2,24.0,
46403760,0-20 cm,0.258,3.8,63.8,374,40.6,23.1,286.9,,
46263946,0-20 cm,1.157,6.8,15.55,20.4,31.4,1.9,180.2,15.0,
46383790,0-20 cm,0.22,3.2,41.7,524.3,48.3,19,261.7,,
46064206,0-20 cm,0.848,4.9,8.56,64.4,< LOD,3.2,57.1,13.0,
46104170,0-20 cm,1.162,4.1,3.35,10.1,30.1,0.7,20,4.0,
47362464,0-20 cm,,7.4,34.2,62.5,< LOD,2.4,70.6,,
46244008,0-20 cm,1.027,4.1,4.81,21.8,12.7,1.4,24.8,7.0,
46463734,0-20 cm,0.026,3.2,11.16,69.3,30,3,72.2,7.0,
46423788,0-20 cm,0.141,3.0,22.5,349,46.6,11.2,278.9,,
45904450,0-20 cm,0.447,3.7,6.96,65.4,18.6,2,127.8,7.0,
46323922,0-20 cm,1.058,5.4,16.25,25.9,17.4,2.6,110.4,39.0,
47422412,0-20 cm,0.722,5.4,8.33,47.4,< LOD,2.8,166.7,27.0,
46064260,0-10 cm,,3.2,12.35,164.7,21.6,4.9,338.6,3.0,
46503706,0-20 cm,0.091,3.4,18.39,133.6,23.7,6,189.9,7.0,
46403836,0-20 cm,,3.5,12.36,57,19.9,3.3,85.9,7.0,
46383874,0-20 cm,0.62,3.8,7.43,79.9,86.3,3.7,78.9,10.0,
46483748,0-20 cm,0.078,3.4,10.53,87.7,18.1,3.8,80.3,7.0,
46323954,0-20 cm,0.209,3.5,54.4,247.7,40.6,14.4,174.3,,
46164168,0-20 cm,1.161,4.4,8.18,21.7,22.9,1.9,31.4,7.0,
46403872,0-20 cm,0.795,3.7,6.74,46.6,45.1,1.9,62.1,7.0,
46204126,0-20 cm,,4.7,18.46,30.4,10.6,2.4,71.2,16.0,
46244076,0-20 cm,,3.8,7.93,48.6,10.9,2.1,109.3,6.0,
45884526,0-20 cm,0.588,3.6,10.73,62.3,39.5,3.3,122.5,26.0,
45704742,0-20 cm,,4.9,20.0,68.7,10.2,4.2,50.5,13.0,
46543710,0-20 cm,0.727,3.2,6.52,58,30.2,2.5,62.9,3.0,
45724726,0-20 cm,,4.0,9.54,54.7,27.7,2.8,71.8,8.0,
46463828,0-20 cm,,3.9,9.6,81.3,20.5,3.8,95.8,10.0,
46543732,0-20 cm,0.073,5.9,22.0,32.5,25,2,120.4,6.0,
46383946,0-20 cm,1.117,6.6,13.84,22,23.3,2.2,85.9,34.0,
47522416,0-20 cm,1.162,5.7,9.34,49.4,< LOD,3.4,173.6,31.0,
47083048,0-20 cm,0.825,3.5,12.82,66.4,< LOD,3.6,81.1,,0.0
46483856,0-20 cm,0.187,3.3,15.3,397.1,40,17.9,145.4,,
46204204,0-20 cm,0.451,3.0,12.72,143,15,4.5,143,7.0,
46164258,0-20 cm,0.799,3.3,5.05,64.6,10.2,2.4,73.9,4.0,
46284116,0-10 cm,,3.4,17.17,331.3,30.7,12.2,374.8,3.0,
46603720,0-20 cm,0.182,3.0,43.6,470.4,31,19,323.9,6.0,
47622390,0-20 cm,0.931,4.8,21.8,58.4,< LOD,4.6,314,25.0,
46503878,0-20 cm,0.651,3.3,10.34,124.1,25,5.1,132.2,8.0,
46603756,0-20 cm,0.099,2.8,19.68,308.7,36.8,9.3,212.9,6.0,
47143068,0-20 cm,0.95,3.2,14.45,50.9,16.3,2.8,73.1,,0.0
45784746,0-20 cm,0.969,4.4,6.85,19.4,< LOD,1.9,21.2,12.0,
46563820,0-20 cm,0.638,3.8,6.85,70.8,19.8,2.6,63.5,6.0,
46463950,0-20 cm,0.629,4.4,9.98,83.5,16.6,4.4,100.9,12.0,
47642424,0-20 cm,0.738,4.7,22.4,74.9,< LOD,6.2,150.8,31.0,
47282938,0-20 cm,1.311,6.5,8.56,16.9,68.2,1.8,263.3,31.0,
47682402,0-20 cm,0.867,7.1,20.6,75,< LOD,6.2,215.1,34.0,
46104418,0-20 cm,0.802,3.7,4.71,20.5,23.7,1.2,76.8,8.0,
45864696,0-20 cm,1.177,3.9,8.97,20.7,10.6,1.9,25.2,7.0,
46643788,0-20 cm,0.502,5.1,12.54,103.6,45.9,3.9,132,,
46723704,0-20 cm,0.067,4.2,7.37,53.5,15.7,3.8,64.4,10.0,
46503972,0-20 cm,0.838,3.9,7.38,50,19.7,3.6,95.1,26.0,
46543926,0-20 cm,0.598,5.8,20.6,114.4,15.4,7.2,162.3,44.0,
47602574,0-20 cm,1.218,6.2,15.43,35.6,< LOD,3.3,152.2,29.0,
46583886,0-20 cm,0.351,3.5,24.9,206.3,26.1,9.9,227.1,11.0,
47802318,0-20 cm,0.626,6.7,15.82,72.2,< LOD,4.9,735.2,37.0,
46284248,0-20 cm,,3.2,15.31,174.6,27.1,5.5,245,6.0,
45964616,0-20 cm,0.678,3.4,6.24,34.7,17.5,1.8,122.8,7.0,
46424094,0-10 cm,,3.2,14.2,467.8,80.3,16.9,535.4,,
45924670,0-20 cm,1.272,3.9,5.03,43.8,< LOD,1.7,39.7,7.0,
46384162,0-20 cm,0.853,4.2,8.98,43.4,< LOD,2.8,85.4,29.0,
46743736,0-20 cm,0.105,3.1,16.06,162.3,33.8,5.6,144.2,5.0,
46543992,0-20 cm,0.342,4.2,46.7,312.4,32.1,17.2,233,,
46004610,0-20 cm,0.675,4.6,6.91,63.6,11.5,4.6,50.1,13.0,
46504048,0-20 cm,1.298,5.5,14.56,27.5,69.3,2.8,202.4,49.0,
46424152,0-20 cm,,3.6,8.97,87.3,18.2,3.6,101.1,6.0,
47702576,0-20 cm,1.367,7.0,23.9,36.7,< LOD,4,165.1,38.0,
46484090,0-20 cm,1.147,4.3,9.94,29.7,< LOD,2.2,92,16.0,
46004632,0-20 cm,,3.6,4.16,31.9,16.4,1.5,30.2,8.0,
46104530,0-20 cm,0.424,3.5,7.57,60.7,17.8,2.2,162.6,5.0,
46643918,0-20 cm,0.423,5.1,66.3,198.8,32.2,13.5,254.1,18.0,
47143320,0-20 cm,0.967,5.9,39.6,79.6,22.7,6.9,32.9,7.0,
46064580,0-20 cm,0.113,3.2,10.08,477.9,54.1,14,555.3,,
47722586,0-20 cm,0.592,3.9,6.09,26.9,< LOD,1.7,28.5,18.0,
46683878,0-20 cm,0.664,3.5,8.94,79.8,17.6,3.2,114.7,16.0,
46564018,0-20 cm,,4.6,16.95,59.6,21.2,4.3,93.5,8.0,
46044606,0-20 cm,1.236,3.5,4.2,14.6,11.9,1,48.7,,
46464140,0-20 cm,0.139,3.4,28.5,247.6,26.4,8.8,203.4,,
46364254,0-20 cm,,3.5,6.56,80.1,18,2.5,98.4,5.0,
48381694,0-20 cm,,5.0,20.3,101.5,17.1,4.8,307.8,16.0,0.0
47942316,0-20 cm,0.603,7.3,22.6,66.3,< LOD,3.4,398.8,21.0,
47642718,,0.747,,,,,,,15.0,0.0
46104554,0-20 cm,0.094,3.7,65.1,489.6,20,23.7,407.9,,
47882408,0-20 cm,0.543,5.2,25.4,107.2,< LOD,7.2,191.4,18.0,
46324314,0-20 cm,0.174,3.6,37.3,328.6,39,12.8,238.2,4.0,
47902392,0-20 cm,0.867,7.0,35.1,68.8,< LOD,4.2,225.3,,
46703898,0-20 cm,0.616,3.8,9.54,86.2,20.2,3.4,130.9,13.0,
47123404,0-20 cm,,5.0,8.92,9.6,46.6,1,37.4,5.0,0.0
46224444,0-20 cm,0.163,4.3,23.6,210.8,39.5,6.8,314.5,10.0,
46364290,0-20 cm,0.097,2.9,23.2,407.9,42.5,11,151.1,,
47942370,0-20 cm,0.051,6.0,11.51,74.6,< LOD,6,299.8,,
46604040,0-20 cm,0.714,3.9,6.89,34.1,< LOD,2.2,73.2,22.0,
46384288,0-20 cm,,3.9,6.67,52.9,< LOD,2,69.8,4.0,
46843766,0-20 cm,0.289,3.1,16.79,192.9,46,6.6,175.9,6.0,
46683954,0-20 cm,0.822,4.7,11.42,32.7,< LOD,2.2,69.3,53.0,
46024690,0-20 cm,1.053,4.0,5.5,38,47.6,1.9,61.6,7.0,
46903710,0-20 cm,0.33,3.3,21.4,281.3,109.5,11,183.4,7.0,
46843784,0-20 cm,0.053,3.3,13.34,154.2,17.3,5.1,109.2,9.0,
46124594,0-20 cm,0.233,3.3,3.78,20.5,< LOD,1.1,28.1,11.0,
46024708,0-20 cm,0.533,4.3,18.77,100.4,< LOD,4.7,18.3,,
47542970,0-20 cm,,3.7,9.98,51.2,13.6,3,99.3,,0.0
46723944,0-20 cm,1.236,6.0,20.16,21.5,33.7,2.3,182.2,31.0,
46703970,0-20 cm,0.49,3.4,7.9,106.4,10.6,3.7,87.6,,
46524186,0-20 cm,0.803,4.1,15.04,56.6,18.5,2.4,105.6,8.0,
47962494,0-20 cm,1.221,4.3,5.42,15.2,< LOD,1.3,205.9,,
46444288,0-20 cm,0.34,3.5,16.86,242.1,39.8,11.2,203.9,14.0,
46424310,0-20 cm,0.958,4.1,6.44,32.3,76.3,1.6,69.3,7.0,
46524204,0-20 cm,,3.6,5.75,57.3,25,1.9,80.1,3.0,
46863828,0-20 cm,0.677,3.9,8.62,55.7,18.2,2.3,93.8,10.0,
46504238,0-20 cm,,3.2,19.57,473.5,35.3,16.6,230.6,,
46084690,0-20 cm,1.169,3.9,4.25,37.7,45.1,1.3,40.2,5.0,
46504246,0-20 cm,,3.4,10.5,73,21.6,3.5,94.9,4.0,
46464292,0-20 cm,,3.9,5.17,15.4,< LOD,1,35.2,4.0,
47862672,,1.167,,,,,,,20.0,0.0
48362026,0-10 cm,,7.0,14.99,36,< LOD,3.3,1220,29.0,0.0
46604152,0-20 cm,,3.7,7.93,62,39,2.4,77,3.0,
46544236,0-20 cm,0.659,3.5,5.23,55.1,< LOD,2.3,57.4,,
47543108,,0.997,,,,,,,12.0,0.713654756546021
45964850,0-20 cm,0.688,3.7,5.87,33.9,58.9,1.9,66.8,7.0,
46544244,0-20 cm,,3.6,5.93,66.8,< LOD,2.6,74.6,3.0,
48422020,0-10 cm,,6.5,13.92,46.4,< LOD,4.5,973.7,27.0,2.97859248377108e-08
46184632,0-20 cm,0.949,3.8,6.45,28.6,13.2,1.8,47.4,13.0,
46823954,0-20 cm,1.267,4.9,17.32,19.2,21.4,1.7,132.3,16.0,
46803982,0-10 cm,,3.3,14.45,177.1,31.3,6.4,208.2,,
46863932,0-20 cm,1.216,5.1,6.05,13.3,14.3,1.2,91.2,19.0,
46943850,0-20 cm,0.651,4.0,5.86,58.3,< LOD,2.5,64.2,8.0,
46903894,0-20 cm,0.828,4.0,6.82,53.1,< LOD,2.7,75.8,9.0,
46923874,0-20 cm,0.894,4.5,9.03,37.5,15.2,2.2,100.4,21.0,
46664162,0-20 cm,,4.1,10.82,39.5,11.4,2.7,101.3,26.0,
46823996,0-20 cm,0.207,4.1,63.2,426.6,23.7,26.7,165.7,,
46963846,0-20 cm,0.138,3.4,23.2,522.7,52.2,19.8,248.7,,
46923892,0-20 cm,0.23,3.0,18.71,205.6,35.3,7.7,307.3,,
46863958,0-20 cm,1.235,5.5,11.75,17.2,18.2,1.9,107.1,50.0,
46764066,0-20 cm,,5.3,16.91,58.1,13.2,4.9,277.8,53.0,
46804024,0-20 cm,0.515,4.0,8.56,80.1,100.7,3.6,110.7,7.0,
46304558,0-20 cm,0.732,3.5,4.78,27.4,46.7,1.2,71,6.0,
46584268,,0.053,,,,,,,,
48142494,0-20 cm,0.857,7.0,27.0,71.9,10.5,5.6,206.9,30.0,
47043788,0-20 cm,0.159,3.0,18.88,464,86.5,13.4,452.4,7.0,
46324552,0-20 cm,0.267,3.3,9.81,174.5,78.3,4.1,197.5,,
46804054,0-20 cm,0.886,5.3,14.22,48.7,146.3,4.2,452.8,17.0,
46684188,0-20 cm,,3.0,16.39,252.8,24.5,8.2,211.8,,
48202476,0-20 cm,0.888,4.5,6.49,30.6,< LOD,2.6,110.4,,
46864012,0-20 cm,0.763,5.7,47.8,43.2,62.9,3.9,147.4,43.0,
46264636,0-20 cm,0.795,3.9,4.03,32,18.5,1.3,41.6,,
46764124,0-20 cm,1.226,5.1,17.47,20.8,< LOD,2.1,63.3,24.0,
46224682,0-20 cm,0.682,3.3,5.36,55.5,11.7,2.5,55.8,8.0,
46724182,0-20 cm,,3.9,43.8,161.3,49.1,7.2,379.4,8.0,
46604310,0-20 cm,0.117,3.9,45.6,406.9,34.4,19.6,332.5,,
46903998,0-20 cm,0.134,2.8,17.7,497.8,28,15,145.1,,
48162584,0-20 cm,0.556,6.9,45.3,71.8,9,5.8,591,38.0,
46384540,0-20 cm,0.429,3.5,8.25,59.7,36.9,2.6,97.5,10.0,
47623218,0-20 cm,,6.2,12.48,8.2,35.9,0.8,67.6,4.0,6.82032489776611
46983928,0-20 cm,0.191,3.2,19.79,532.4,44,18.3,161.5,,
47083830,0-20 cm,0.123,3.4,21.5,421.1,50.3,16.7,370.3,,
46364574,0-20 cm,,3.7,3.18,14,10.7,0.8,25,8.0,
46804126,0-20 cm,,3.5,15.24,237.8,19.5,8.4,227.2,7.0,
47223706,0-20 cm,0.748,6.7,20.99,63.8,< LOD,7.5,106.1,34.0,
48282506,0-20 cm,1.054,7.2,14.47,23.7,18.6,2.5,134.1,46.0,
46963986,0-20 cm,1.056,4.1,20.7,45.6,24,3.5,115.5,15.0,
48462300,0-20 cm,0.772,6.0,6.17,29.2,< LOD,2.8,191.7,35.0,
46864094,0-20 cm,,3.5,18.19,147.2,27,7.7,186.6,21.0,
46944012,0-20 cm,1.219,5.1,15.65,25.6,12.8,2.7,138.2,46.0,
46924036,0-20 cm,1.184,4.6,8.01,14.1,11,1.2,99.5,11.0,
47823064,0-20 cm,,6.5,13.85,13.5,24.4,1.6,104.7,18.0,1.09471893310547
47103862,0-20 cm,0.578,3.6,7.79,83.5,63.3,4.3,93.4,11.0,
46924050,0-20 cm,1.254,4.8,11.37,20.2,72,2.3,236.2,47.0,
46884096,0-20 cm,,5.2,30.84,23,19.8,2.1,127.2,24.0,
48881820,0-20 cm,0.867,5.2,13.4,24.9,29,2.5,697.8,23.0,
46944048,0-20 cm,0.98,5.1,12.64,34.1,22.4,3.1,274.7,47.0,
46324670,0-20 cm,1.382,3.5,4.66,26.4,26.6,0.9,31,7.0,
47143860,0-20 cm,0.164,3.4,13.62,239.5,64.6,8.8,261.9,,
47103916,0-20 cm,0.555,3.7,10.54,79.9,17.5,3.3,139.4,21.0,
46884150,0-20 cm,,3.4,10.44,142.3,12,5.1,109.7,5.0,
47043994,0-20 cm,1.021,5.5,21.4,56.3,12.7,4.4,333.2,56.0,
46904136,0-10 cm,,3.6,16.09,143,46.4,5.5,157.2,7.0,
46744302,0-20 cm,0.066,3.3,14.78,424.4,34.8,11.7,245,,
46424620,0-20 cm,0.739,3.9,6.32,43.3,18.9,1.9,57.6,8.0,
47004058,0-20 cm,1.186,5.7,13.21,34.5,10,2.1,115.7,16.0,
46644422,0-20 cm,1.213,4.3,3.48,14.2,< LOD,0.8,29.5,7.0,
48422540,0-20 cm,1.176,4.0,4.44,15,< LOD,1.5,48.1,,
48462502,0-20 cm,0.8,6.9,22.9,59.6,13.6,5.6,154.8,,
47983048,0-20 cm,,7.2,9.07,5.1,10.6,0.7,99.3,21.0,0.0
46544532,0-20 cm,0.76,3.7,4.96,30.5,58.6,1.3,44.3,6.0,
46924162,0-20 cm,0.978,3.9,3.37,13.9,10.7,0.5,27.4,2.0,
47084016,0-20 cm,,5.4,21.3,45.8,63.5,3.9,393.3,39.0,
47123976,0-20 cm,0.355,3.3,20.2,165.3,27.5,6.7,128.9,16.0,
46584516,0-20 cm,1.204,4.1,2.99,17.3,35.5,0.7,27.7,6.0,
46644472,0-20 cm,,3.9,8.56,30.4,< LOD,1.4,26.9,4.0,
46464656,0-20 cm,0.704,3.4,5.74,33.8,29.4,1.5,60,11.0,
47104042,0-20 cm,0.987,4.8,15.22,67.5,26.6,4.4,376.6,26.0,
47004152,0-20 cm,0.418,4.9,40.3,229.8,< LOD,14.5,154.2,,
47064096,0-20 cm,0.35,3.0,12.32,192.9,21.6,5.3,132.3,5.0,
47164000,0-20 cm,0.388,3.8,30.0,146.2,22.1,9.3,206.2,16.0,
47044134,0-20 cm,0.571,3.5,9.81,89.4,36.8,4.4,97.7,4.0,
46764408,0-20 cm,1.106,4.0,5.62,23.9,< LOD,1.4,30.5,6.0,
47184004,0-20 cm,1.128,5.4,17.78,48.3,69.5,4.4,390.5,41.0,
48163008,,1.294,,,,,,,24.0,0.671574354171753
46564612,0-20 cm,1.225,4.6,2.33,4.4,< LOD,0.3,12,2.0,
48822296,0-20 cm,0.779,5.7,11.04,45.4,< LOD,2.6,223.7,24.0,
46944268,0-20 cm,0.456,3.9,31.0,123.9,24,8.7,130.5,26.0,
46464716,0-20 cm,0.67,3.2,6.17,60.1,14.2,2.9,127.9,12.0,
48382850,0-20 cm,0.003,4.5,4.65,4.1,11.5,0.5,54.2,4.0,
47184076,0-20 cm,1.097,6.5,12.38,21,33.5,2.3,257,50.0,
46704528,0-20 cm,1.178,4.5,1.97,10.3,17.8,0.6,16.4,2.0,
47124138,0-20 cm,1.035,5.6,22.2,45.1,50.3,4.2,292.8,56.0,
47244024,0-20 cm,0.481,4.5,39.5,259.9,29.1,14.5,191.8,,
47184094,0-20 cm,0.888,5.2,8.85,22.3,27.1,2.4,193.9,53.0,
47284000,0-20 cm,,5.8,20.6,34.2,52.6,3.3,221.9,6.0,
46664594,0-20 cm,0.599,3.2,8.19,119,14,3.6,124,8.0,
47144152,0-20 cm,,4.3,10.14,92.2,19.1,5.7,161.2,11.0,
47323986,0-20 cm,,6.3,11.45,16.5,33.8,1.7,248.9,47.0,
48542772,0-20 cm,,7.5,22.3,27,31.7,2.6,295.4,23.0,0.299999982118607
47284036,0-20 cm,0.776,4.9,13.06,57,18.1,4.9,286.1,11.0,
46784508,0-20 cm,1.264,3.6,3.56,16.7,< LOD,0.9,22,6.0,
47324008,0-20 cm,0.869,4.1,11.98,84,11.2,4.6,128,38.0,
47344000,0-20 cm,0.841,3.9,5.09,40.2,11.1,1.8,41,6.0,
47244096,0-20 cm,0.891,4.3,7.22,45.8,< LOD,3.4,136,40.0,
47224120,0-20 cm,0.107,3.2,19.77,509.3,20.4,15.7,196.4,,
46904416,0-20 cm,0.813,3.9,7.71,44.1,20.1,2.9,84.7,24.0,
48482928,,1.326,,,,,,,20.0,6.84768152236938
46924438,0-20 cm,1.073,4.1,5.29,14.7,< LOD,1,19.1,7.0,
46644692,0-20 cm,1.142,3.7,3.44,28.8,22.1,1,28,6.0,
47304102,0-20 cm,1.302,5.1,12.47,20.4,59.8,2.1,205,42.0,
47344078,0-20 cm,1.195,5.2,10.61,32.2,29.9,3.3,229.8,51.0,
47443998,0-20 cm,0.947,4.5,8.63,38.8,26.5,2.7,115.5,17.0,
47364080,0-20 cm,0.244,3.9,29.1,211.8,12.7,9.4,147.7,12.0,
47464006,0-20 cm,0.646,3.7,11.98,133.2,25.1,5.1,123.1,13.0,
47324134,0-20 cm,0.013,4.0,8.59,57.2,17.7,3.1,68.4,7.0,
46804612,0-20 cm,1.196,3.5,4.58,15.7,35.2,1.1,36.4,3.0,
46724682,0-20 cm,,4.1,3.18,18.7,20.4,0.9,23,5.0,
47464032,0-20 cm,,4.1,8.61,40.6,12,2.4,115.1,5.0,
47484016,0-20 cm,0.891,3.9,6.24,30.9,< LOD,2.3,84.4,44.0,
47404098,0-20 cm,1.245,5.2,9.56,26.8,36.2,2.6,180.5,40.0,
47504008,0-20 cm,,4.8,14.52,82.7,20.2,4.7,216,53.0,
46744684,0-20 cm,1.26,4.4,2.43,16.6,14.4,0.7,23.7,4.0,
47404116,0-20 cm,1.111,5.7,21.23,39.6,< LOD,3.8,152.2,40.0,
46704726,0-20 cm,0.558,3.9,3.29,45.7,24.6,1.7,53.8,5.0,
47504040,0-20 cm,0.618,3.6,6.35,63.2,< LOD,2.2,47.4,4.0,
47504058,0-20 cm,1.317,5.2,6.3,20.5,35.4,1.7,164.8,13.0,
46924564,0-20 cm,0.591,3.5,5.44,70.2,61.5,2.5,51.3,6.0,
48722916,0-20 cm,1.409,7.0,11.86,12.8,14.7,1.5,186.3,22.0,
47404156,0-20 cm,0.168,5.5,22.3,438,36.3,26.4,274.9,,
46924576,0-20 cm,0.778,4.4,5.15,55.8,< LOD,1.9,35.8,6.0,
47084448,0-20 cm,0.106,4.0,64.3,477.7,95.3,24.4,481.5,,
47484120,0-20 cm,0.924,6.1,15.62,43.2,33.4,4.1,433.4,41.0,
47464150,0-20 cm,0.408,5.8,68.5,422.6,35.5,30.5,124.7,,
47484138,0-20 cm,0.549,5.6,23.0,92.4,< LOD,5.4,68.3,6.0,
47544094,0-20 cm,1.072,5.1,16.52,40.4,16.7,2.8,146.6,20.0,
48762978,,1.354,,,,,,,21.0,0.0
46864678,0-20 cm,1.378,4.7,2.41,4.8,< LOD,0.4,12,4.0,
47124462,0-20 cm,0.777,4.8,13.02,75.4,< LOD,4.7,62.5,24.0,
46864688,0-20 cm,1.238,3.9,2.84,17.6,11.3,0.8,22.4,4.0,
46884672,0-20 cm,1.065,3.8,4.58,22,58.6,1,24.4,5.0,
47644036,0-20 cm,0.8,4.5,9.35,49.8,11.2,3.2,202.3,23.0,
47564108,0-20 cm,1.118,4.9,7.8,26.6,< LOD,2.5,176.7,38.0,
47544130,0-20 cm,0.2,3.9,16.59,295.5,13,11.5,208.4,,
47684022,0-20 cm,0.461,3.6,14.18,177.4,32.3,8.5,107.1,12.0,
47044570,0-20 cm,,4.2,31.0,228.1,23.7,10.8,319.4,11.0,
47584120,0-20 cm,0.653,3.4,9.99,61.8,10.5,2.7,50.8,7.0,
47644078,0-20 cm,1.056,4.8,5.89,27.3,< LOD,1.9,151.4,9.0,
47264416,0-20 cm,0.255,3.3,21.1,328.8,38.8,13,247.4,,
46924698,0-20 cm,0.814,3.6,4.18,36.6,27,1.2,55.4,3.0,
47564180,0-20 cm,1.085,5.5,6.75,23.8,12.9,2.4,31.9,5.0,
47584184,0-20 cm,0.51,4.5,13.05,106.8,13.8,4.8,143.6,7.0,
47024648,0-20 cm,0.065,3.3,10.54,444.7,30.8,12,213.9,,
47784042,0-20 cm,0.552,4.1,11.7,76.3,16.7,4.1,190.8,12.0,
47764062,0-20 cm,0.242,3.1,22.5,179.4,101,7.1,246.2,,
47124588,0-20 cm,0.111,3.3,15.37,393.2,23.9,15.3,362.5,5.0,
47724104,0-20 cm,0.405,3.8,11.78,95.1,< LOD,3.8,105.6,22.0,
47044660,0-20 cm,0.078,3.0,,459.5,45.5,11.7,335.9,,
47744090,0-20 cm,0.734,4.9,19.23,97.6,142.6,7.8,438.9,20.0,
47764076,0-20 cm,0.623,3.4,10.37,61.4,21.1,2.8,90.8,7.0,
47664160,0-20 cm,0.671,5.0,19.58,51,17,4,45.7,7.0,
48843140,,,,,,,,,8.0,1.50340414047241
47724116,0-20 cm,0.39,4.0,19.26,159.5,12.4,7.8,96.1,,
47024684,0-20 cm,,4.1,,443.4,15.6,18.6,420.8,,
48903124,0-20 cm,,3.3,12.64,62.5,28.5,3,75.3,4.0,0.0
47844048,0-20 cm,0.523,3.5,9.65,104.4,15.3,4,89.7,15.0,
47744144,0-20 cm,0.748,3.5,6.6,45.5,< LOD,2,45,6.0,
48143826,0-20 cm,1.189,6.8,10.92,12.5,24.6,1.2,30.8,46.0,
49063030,0-20 cm,1.079,6.1,21.4,20.8,57.7,1.9,257.7,19.0,
47744162,0-20 cm,0.603,4.7,8.88,66.7,15.3,3.8,77.9,28.0,
47764156,0-20 cm,0.181,3.5,37.5,372.8,24.4,17.8,447.5,,
47164636,0-20 cm,0.707,3.7,7.63,28.9,68.5,1.1,137.2,4.0,
49142992,0-20 cm,,5.8,5.44,14,10.4,1.4,91.8,20.0,1.30599129199982
47184638,0-20 cm,0.727,3.3,4.64,24.5,14.8,0.9,48.2,3.0,
48883246,0-20 cm,1.476,4.0,9.03,10.3,84,1,24.9,,0.299999982118607
47864116,0-20 cm,0.145,5.0,15.35,472.2,34.5,23.1,136.4,,
47884100,0-20 cm,0.544,5.6,64.7,238.1,18.7,16.5,240.5,,
47284582,0-20 cm,0.514,3.7,7.38,51.2,37.9,1.9,65.2,4.0,
49702546,0-20 cm,1.259,5.3,5.07,8.1,92.4,1,248.7,,
47924096,0-20 cm,1.264,5.6,19.46,32.5,< LOD,2.9,122.3,27.0,
47884132,0-20 cm,0.366,3.4,14.01,266.8,27,10.1,218,,
48703458,,1.291,,,,,,,4.0,0.624099254608154
49782512,0-20 cm,1.295,4.9,6.8,12.3,33.5,1.6,205,,
47904130,0-20 cm,,3.9,7.53,60.9,14.2,3,84.1,5.0,
47264650,0-20 cm,0.097,2.9,28.2,505.3,24.6,12,50.3,,
47224696,0-20 cm,0.763,4.2,3.39,39.6,29.2,1.6,39.7,4.0,
47304642,0-20 cm,0.363,3.7,9.23,161.5,21,5.1,133.1,4.0,
49802596,0-10 cm,,7.6,11.97,15.2,< LOD,0.7,92.5,19.0,0.0
47204720,0-20 cm,0.656,3.2,6.5,49.9,47.7,1.9,61.5,6.0,
47364602,0-20 cm,-0.018,4.0,4.09,22.7,< LOD,1.2,25.3,4.0,
48323862,0-20 cm,0.601,6.0,18.7,101,< LOD,4.9,73.8,20.0,
47264686,0-20 cm,0.134,3.9,48.2,490.3,62.6,15.5,192.2,,
49902530,0-20 cm,1.298,7.2,14.02,11.1,75.8,1.3,223.5,33.0,
48004126,0-20 cm,0.909,5.2,8.57,37.2,82,2.7,102.7,13.0,
47264704,0-20 cm,0.237,3.3,22.76,322.7,48.9,11,289.3,,
47264722,0-20 cm,0.712,3.6,3.65,36.6,25.8,1.7,33,6.0,
47284720,0-20 cm,0.771,3.8,3.35,16.6,< LOD,0.9,31.1,5.0,
49522970,0-20 cm,,2.9,8.52,57.9,15.7,2.9,60.9,5.0,0.0
49882700,0-20 cm,1.251,7.6,12.3,25.1,< LOD,2.1,166.5,19.0,
47544566,0-20 cm,1.162,4.1,2.46,10.4,< LOD,0.4,13.4,2.0,
47404678,0-20 cm,0.09,2.9,11.36,450.8,30,9.8,257.7,,
47364724,0-20 cm,0.698,4.5,6.63,24.2,< LOD,1.4,33.6,3.0,
47384720,0-20 cm,0.728,3.8,3.28,28.7,27.1,1.2,22.5,4.0,
49403232,,1.243,,,,,,,4.0,2.8081955909729
47544644,,0.782,,,,,,,5.0,
49343312,0-20 cm,,5.0,21.2,39.2,17.6,3.9,< LOD,3.0,0.299999982118607
47584660,0-20 cm,0.167,3.1,5.22,332.8,30.2,7.4,245,,
47524702,0-20 cm,0.732,3.3,4.59,21.2,21.9,1,37.3,5.0,
47304858,0-20 cm,0.807,3.6,4.33,26.5,11.5,0.9,32.8,4.0,
47404804,0-20 cm,0.891,4.0,3.67,27.9,11.7,1.2,30.4,1.0,
47644644,0-20 cm,,4.8,12.71,44.1,11.2,3.1,91.4,4.0,
50002882,,1.477,,,,,,,26.0,0.0
47644662,0-20 cm,0.68,3.7,6.09,53.8,< LOD,1.4,48.5,3.0,
47704630,0-20 cm,0.759,3.5,4.4,22.8,< LOD,0.9,47.4,5.0,
49923058,,1.629,,,,,,,2.0,4.61584306776786e-07
47804614,0-20 cm,0.679,3.2,8.28,52.2,12.9,1.6,95.5,4.0,
50382730,0-20 cm,,7.6,15.36,13.5,22.7,1.3,119.7,16.0,0.299999982118607
49763232,0-20 cm,1.187,5.5,11.165,13,77.75,1.25,117.05,5.0,
47644756,0-20 cm,0.409,3.2,8.03,55.3,17,1.8,100.3,,
47584804,0-20 cm,0.643,4.0,5.42,56.9,< LOD,1.8,39.4,7.0,
50422852,,1.498,,,,,,,24.0,0.0
49603476,0-20 cm,,6.0,11.93,16.1,39.1,1.9,196,19.0,0.814923584461212
47844700,0-20 cm,1.03,4.0,3.07,14.3,12.3,0.7,26.2,6.0,
48004600,0-20 cm,0.176,3.3,16.49,412.2,27.2,22.1,142.5,,
47684814,0-20 cm,0.82,3.5,3.48,13.5,< LOD,0.6,29.1,5.0,
50322994,0-20 cm,,4.5,19.21,16.4,< LOD,2.3,45.3,18.0,0.0
49763448,0-20 cm,0.214,4.1,98.0,488.4,62.8,32.2,166.3,,0.0250000022351742
48004654,0-20 cm,,3.5,5.25,60.3,10.3,2.2,34,6.0,
50103238,0-20 cm,,5.4,9.49,11.7,24.6,1.2,123,6.0,1.21468567848206
50562928,0-20 cm,,5.7,6.83,22,< LOD,1.7,62.9,15.0,0.0
47744846,0-20 cm,0.862,4.2,11.07,34.3,72.5,2.3,49.1,3.0,
47904770,0-20 cm,0.926,3.9,2.92,20.9,16.8,0.9,22.1,5.0,
50423090,,1.107,,,,,,,14.0,0.42267319560051
47764876,0-20 cm,0.951,4.3,2.83,19.9,20.9,0.9,25.1,6.0,
47864818,0-20 cm,0.786,3.4,2.63,17.9,< LOD,0.6,24.9,7.0,
47884810,0-20 cm,0.762,4.5,4.32,24.9,14.3,1.2,50.3,4.0,
48084692,0-20 cm,0.467,3.3,5.8,73.8,< LOD,2.1,51,4.0,
48124678,0-20 cm,,3.6,3.02,21.7,< LOD,0.7,24.9,4.0,
48044728,0-20 cm,0.127,3.2,28.0,332.4,23.1,13.4,197.3,5.0,
47944796,0-20 cm,0.267,3.0,15.13,216.6,29.6,4.7,248.4,3.0,
48004770,0-20 cm,0.82,4.3,3.89,31.6,< LOD,1.5,39.1,3.0,
47904850,0-20 cm,0.874,3.7,2.96,21.5,< LOD,0.8,25.8,7.0,
47625018,0-10 cm,,3.8,4.77,42.3,14.6,1.6,52,7.0,
48084764,0-20 cm,0.232,3.8,15.17,177.8,19.4,5.7,185.8,7.0,
48124750,0-20 cm,0.625,4.0,3.64,29.1,12.2,1.1,41.9,3.0,
48184716,0-20 cm,0.642,3.5,7.9,106.8,20.7,3,134.8,4.0,
48344622,0-20 cm,0.195,3.3,10.49,156.4,18.4,5.1,100.3,,
48204714,0-20 cm,0.735,3.8,6.16,53.5,16.2,2.2,48,4.0,
48044814,0-20 cm,0.563,3.4,3.75,52.7,25,1.5,45.8,4.0,
50503260,,1.191,,,,,,,5.0,0.870578408241272
48004842,0-20 cm,0.569,3.2,5.77,55.5,43.4,1.4,36.8,3.0,
48124778,0-20 cm,0.859,3.7,3.57,24.4,42.1,0.9,114.7,1.0,
47984874,0-20 cm,0.741,3.3,2.85,11,< LOD,0.5,33.1,7.0,
47904922,0-20 cm,0.945,3.7,3.21,9.8,< LOD,0.6,15.5,3.0,
48304692,0-20 cm,0.293,3.1,6.74,121.1,11.8,3.1,53.7,,
52501890,0-10 cm,,5.6,10.44,69,10.8,5.5,209.5,26.0,2.24848484992981
47765016,0-10 cm,,4.1,4.09,14.6,10.5,0.8,23.8,4.0,
48304706,0-20 cm,1.145,4.0,2.77,16.3,< LOD,0.6,16.4,3.0,
50283482,0-20 cm,0.607,5.9,91.4,337.9,14.4,24.6,115.5,,0.503524959087372
50323462,0-20 cm,0.99,4.3,6.36,8.3,25.6,0.9,23,3.0,
50383432,0-20 cm,0.918,3.0,5.07,32.5,15.7,1.5,22.1,3.0,
48084860,0-20 cm,0.893,4.0,3.21,15.9,20.9,0.7,25.3,7.0,
52601900,0-20 cm,,4.3,8.21,33.6,21.6,2.6,204.8,25.0,0.705245733261108
51242902,0-10 cm,,5.9,9.64,47.4,< LOD,3.7,214.7,30.0,0.0
48404692,0-20 cm,0.45,3.3,7.18,212.9,12.3,6.6,65.7,,
47944962,0-20 cm,0.414,3.9,10.38,110.3,24.1,4.4,71,3.0,
47884996,0-10 cm,,3.6,5.63,79.6,12.9,2.5,99.8,5.0,
48164838,0-20 cm,0.236,3.0,9.32,137.1,27.8,3.7,140.2,5.0,
48124868,0-20 cm,0.171,3.6,17.38,396.1,16.2,25.9,62.6,,
48304768,0-20 cm,0.432,3.6,9.32,89.7,34.5,3.7,142.9,30.0,
48584620,0-20 cm,,3.8,24.1,125.5,22.6,5.6,109.1,,
48344758,0-20 cm,0.342,3.8,18.01,137.6,34.6,5.5,102,8.0,
52681954,,1.226,,,,,,,19.0,0.0
48204840,0-20 cm,0.405,3.3,7.23,71.6,25.1,2.2,102.3,5.0,
47984970,0-20 cm,,4.3,2.56,18.8,24,1,23.4,3.0,
48464702,0-20 cm,0.168,3.2,17.08,330.2,14.7,9.6,89.1,2.0,
48344784,0-20 cm,0.077,3.4,14.53,468.6,17.3,16.7,258.3,,
51302992,,0.953,,,,,,,3.0,0.0
48344794,0-20 cm,0.52,3.4,7.41,76.8,28.7,2.4,78.6,5.0,
51462892,0-10 cm,,5.9,20.4,15.1,18.8,1.8,162.8,11.0,1.24449527263641
48004986,0-20 cm,0.484,4.7,9.6,73.9,< LOD,4.2,39.2,,
48164902,0-20 cm,0.668,3.7,14.39,81.8,45.6,3.2,67.8,2.0,
52841946,0-10 cm,,7.3,43.5,225.2,22.7,13.9,293.6,9.0,0.0262398738414049
48184896,0-20 cm,1.148,4.5,4.19,19.4,56.7,1.1,42.2,2.0,
48544698,0-20 cm,0.609,3.2,5.74,68,37.4,2.6,47.3,5.0,
48504726,0-20 cm,0.736,3.2,4.43,21.1,25.7,0.9,33.5,3.0,
48184914,0-20 cm,1.014,4.1,2.71,32.6,31.7,1.1,25.9,4.0,
52961912,,0.983,,,,,,,19.0,0.0
48304850,0-10 cm,,3.6,,425.9,28.2,11.4,464.7,,
49064428,0-20 cm,1.194,6.1,6.03,17.6,56.1,1.5,80.1,13.0,
49164374,0-20 cm,0.298,3.6,15.76,191.3,30.5,11.4,103.4,5.0,
48184932,0-20 cm,0.658,3.5,4.65,55.1,11.2,1.9,48.5,5.0,
48244900,0-20 cm,0.086,3.7,10.17,448.8,31.1,16.1,350.9,,
48124966,0-20 cm,0.891,3.4,3.78,31.3,17.3,1,50.9,2.0,
48524748,0-20 cm,0.679,4.3,8.19,32.8,< LOD,2,82.9,3.0,
52882044,0-20 cm,1.05,5.2,7.23,20,54.1,1.8,542.1,45.0,
49504222,0-20 cm,1.296,6.3,17.92,11.1,39.9,1.2,117.4,28.0,
53241856,0-20 cm,4.184,5.8,12.68,54.1,15.5,4.8,300.6,26.0,
48444842,0-20 cm,0.157,3.8,26.6,159.2,32,7.9,235.8,5.0,
49344350,0-20 cm,0.11,3.5,11.01,60.2,21.4,2.7,97.4,4.0,
48544798,0-20 cm,0.305,3.6,12.19,137.3,31.3,5.8,166.6,,
51143302,,0.543,,,,,,,9.0,2.79481077194214
48444854,0-20 cm,,3.7,4.4,56.8,13.2,1.7,55.1,4.0,
51003396,0-20 cm,,4.6,4.22,6.8,81.1,0.7,43.1,2.0,0.0
49204444,0-20 cm,0.318,5.2,31.9,434,48.8,21.7,139.7,,
49484292,0-20 cm,0.519,4.5,18.0,174.2,15.6,11.4,186.3,14.0,
48644756,0-20 cm,0.095,3.7,57.5,437.9,28,19.5,283.6,,
50343800,0-20 cm,0.602,6.2,36.7,266.1,17.5,21.1,138.1,,0.299999982118607
52182664,,1.33,,,,,,,47.0,7.72886266986461e-07
48264962,0-20 cm,,4.6,12.5,451.4,34.1,13.9,451.7,,
49464312,0-20 cm,0.882,5.6,20.4,50.6,47.6,4.3,176.4,24.0,
48544816,0-20 cm,0.131,3.9,106.4,477.7,50.6,32.3,293.8,,
51083368,0-20 cm,,5.2,9.43,10.7,43.9,1.1,60,6.0,0.367773354053497
52242650,,1.295,,,,,,,66.0,0.0500004403293133
48524838,0-20 cm,,3.0,9.41,308.3,75.5,7.4,396.3,,
48664768,0-20 cm,0.068,3.6,17.14,450,15.3,17.1,370.7,,
50463772,0-20 cm,,6.6,11.83,29.4,< LOD,2.3,78.9,10.0,2.30642533302307
50683644,0-20 cm,,5.3,6.04,28.9,< LOD,2.4,89.1,13.0,2.94653272628784
53821642,0-20 cm,,7.3,12.68,13.2,25.1,1.4,259.2,22.0,5.34158039093018
48524866,0-20 cm,0.768,3.9,4.56,40.3,30.5,1.7,46.2,7.0,
49224492,0-20 cm,1.044,6.3,11.43,28.5,39.3,2.4,146.8,25.0,
50663688,0-20 cm,,5.0,5.64,27.9,11.2,2.4,72,12.0,0.050000324845314
49384418,0-20 cm,0.813,3.3,7.18,44.1,14.7,1.4,51.4,4.0,
49724240,0-20 cm,0.911,5.3,17.95,54.6,64.3,4.4,381.1,43.0,
49624302,0-20 cm,0.704,5.3,29.9,179.1,39.1,11.7,209.9,,
49744242,0-20 cm,0.932,5.1,11.97,52.5,60.6,3.9,132.9,30.0,
48564876,0-20 cm,0.882,3.9,3.52,13.5,< LOD,0.5,23.2,5.0,
48524898,0-20 cm,0.11,3.9,9.87,455,31.8,12.2,377.4,,
52442662,0-20 cm,1.432,5.2,3.42,11.1,29.6,1.3,121.1,31.0,
48664836,0-20 cm,0.791,3.3,5.18,32.7,< LOD,1.4,66.6,2.0,
52422696,,1.328,,,,,,,60.0,2.18893404735354e-07
49784244,0-20 cm,0.159,3.2,29.7,506.4,59.2,19.2,363.2,,
48704820,0-20 cm,,3.5,11.16,450.4,46.2,19.1,412,,
51603214,0-20 cm,,4.0,10.84,5.8,20.8,0.7,50.6,3.0,0.787780225276947
49864226,0-20 cm,1.101,5.0,10.91,80,59.6,6.2,191.6,17.0,
48684852,0-20 cm,0.753,3.5,4.07,50.8,< LOD,1.7,33.4,6.0,
48584908,0-20 cm,0.733,3.9,4.05,40.6,37.8,1.5,46.4,5.0,
49644354,0-20 cm,0.151,4.1,19.44,109.7,54.8,5.8,110.4,5.0,
52562666,,1.135,,,,,,,22.0,0.0
48464972,0-20 cm,0.141,3.6,8.68,451.6,27.5,18.9,200.4,,
50903664,0-20 cm,,5.9,6.19,14.1,< LOD,1.5,71.3,17.0,1.30725732461201e-08
49824264,0-20 cm,0.136,3.1,33.7,524.6,112.1,27.8,380.8,,
49364510,0-20 cm,1.155,6.0,10.28,25.3,59.8,2.5,267.9,28.0,
49784290,0-20 cm,0.336,3.0,11.64,200,24.7,7.4,168.3,6.0,
49744314,0-20 cm,0.151,3.9,37.1,471.1,32.6,24.4,286.8,,
50503900,0-20 cm,1.002,2.9,4.18,41.7,< LOD,1.1,35.7,,0.0
48564930,0-20 cm,0.106,3.7,14.55,451.8,29.6,20.3,145.7,,
52082986,,1.221,,,,,,,16.0,0.0
49564412,0-20 cm,1.197,5.0,7.87,18.6,40,1.8,63,8.0,
51683234,0-20 cm,,4.7,16.75,24.5,10.6,2.3,19.4,14.0,0.0
48544950,0-20 cm,0.4,3.6,8.14,112.9,24.6,4,92.5,8.0,
49544434,0-20 cm,1.114,4.5,5.41,38.6,57.6,1.8,74.3,4.0,
48804824,0-20 cm,0.826,3.8,4.01,18.7,< LOD,0.9,28.2,3.0,
48584940,0-20 cm,0.73,4.2,3.95,26.7,38.4,1.2,36.9,6.0,
49524464,0-20 cm,0.515,3.2,7.71,181.1,27.8,7.8,163,15.0,
49984222,0-20 cm,1.312,6.1,12.02,29.5,42.5,2.8,266.5,61.0,
49464498,0-20 cm,0.073,3.0,10.52,439.8,56.3,11.2,239.2,,
49504478,0-20 cm,0.942,4.9,9.23,35.4,25.5,2.7,353.3,31.0,
48524982,0-20 cm,,3.9,4.04,36.1,22.9,1.4,33.7,7.0,
51503414,0-20 cm,0.276,5.4,164.9,451.6,14.5,42.8,82.5,,0.0
49424542,0-20 cm,0.819,3.3,8.13,90.1,18.1,3.6,46.5,,
48864834,0-20 cm,,3.6,8.76,63.4,44,2,125.8,4.0,
49724396,0-20 cm,1.079,3.7,2.17,13.4,14.2,0.6,11.7,2.0,
50124194,0-20 cm,1.204,4.5,11.81,23.7,22.6,2.2,181.9,27.0,
48724914,0-20 cm,1.024,4.0,3.01,17.1,25.2,0.8,30.7,4.0,
51503456,0-20 cm,,5.0,4.94,13.8,17.2,1.2,34.6,2.0,4.88470050186152e-07
52662796,,1.369,,,,,,,69.0,1.50191640853882
50084240,0-20 cm,1.131,4.9,7.39,20.7,26.2,1.8,181,53.0,
50204184,0-20 cm,0.794,4.7,8.35,81.9,31.7,6.3,218.7,32.0,
49904342,0-10 cm,,3.4,17.91,285,87.2,9.5,324.6,10.0,
48624986,0-20 cm,0.702,4.2,6.68,54.7,26.9,2,61.4,4.0,
50004294,0-20 cm,0.908,6.5,25.4,36.6,226.7,3.5,439.1,36.0,
50024284,0-20 cm,1.116,6.4,16.13,20.6,73,1.8,167.2,32.0,
50144222,0-20 cm,1.24,5.5,10.26,30.1,22.3,2.6,287.3,45.0,
50144226,0-20 cm,0.647,3.9,6.88,59.4,19.1,2.5,55.5,7.0,
51223648,0-20 cm,,6.6,15.65,11.6,25.4,1.4,164.4,11.0,0.0
50184210,0-20 cm,0.662,4.1,10.48,142.9,16,14,127,7.0,
49584522,0-20 cm,1.307,5.5,8.54,23.5,78.1,1.5,48.7,4.0,
50004308,0-20 cm,1.012,4.7,7.34,36,36.8,2.9,245.1,44.0,
48804914,0-20 cm,1.124,4.3,3.72,16.6,26.2,0.8,23.6,6.0,
50144242,0-20 cm,1.073,5.1,8.16,36.2,43.4,2.7,271.8,48.0,
53922084,0-20 cm,,6.7,16.38,8.3,29.8,1,212,31.0,1.19695281982422
54221900,10-20 cm,,7.3,18.78,30.8,97.6,2.7,669.9,19.0,2.51444721221924
50104274,0-20 cm,1.167,5.8,8.69,23.4,39,2,180.4,33.0,
49604542,0-20 cm,0.143,2.9,9.94,476.4,33.1,11.2,248.3,,
48884898,0-20 cm,1.057,4.2,3.72,27.2,< LOD,1.1,27.3,8.0,
53122622,,1.051,,,,,,,50.0,0.0
49864414,0-20 cm,1.219,4.0,2.93,18.8,11.7,0.8,27,2.0,
52802816,,1.056,,,,,,,60.0,0.0
50084306,0-20 cm,0.642,3.3,7.49,60.6,19,2.8,74.5,8.0,
51723436,0-20 cm,,5.9,17.53,32,45.7,3.3,17.9,4.0,0.0500015690922737
51843370,0-20 cm,0.967,5.4,12.85,10.1,24.8,1.2,130,9.0,
49784460,0-20 cm,0.461,3.4,8.85,109.6,30.2,4.7,112.9,,
48844930,0-20 cm,0.744,3.3,5.87,64.8,22.7,1.7,61.4,4.0,
54581742,0-20 cm,,7.6,22.5,14,97.5,1.8,199.1,26.0,39.5329132080078
49884422,0-20 cm,0.532,3.0,7.4,156,16.7,5.4,152.9,3.0,
48904906,0-20 cm,0.552,4.5,13.42,53.4,30.7,3.4,105.8,12.0,
50164284,0-20 cm,0.938,4.8,6.01,27.3,18.7,1.6,26.9,4.0,
49604566,0-20 cm,1.41,5.2,11.09,28.8,16.9,2.3,75,5.0,
48944890,0-20 cm,0.982,4.2,3.34,17.8,< LOD,0.7,26.4,7.0,
48724996,0-20 cm,0.111,3.2,10.09,494.4,37.4,16.4,162.4,,
51023840,0-20 cm,,5.7,5.82,17.1,33.4,1.8,221.3,10.0,1.22871583130291e-07
50104318,0-20 cm,0.577,3.9,9.22,79.7,18,4.7,131.2,14.0,
49844454,0-20 cm,0.385,3.4,11.33,136.7,48.1,6.7,110.9,8.0,
50284232,0-20 cm,1.113,6.6,20.4,34.3,42.1,3,308.5,62.0,
52962774,,1.023,,,,,,,71.0,0.0
49664548,0-20 cm,1.318,3.6,2.71,12.2,12.6,0.7,23.2,4.0,
50084338,0-20 cm,0.742,5.1,12.31,125,24.2,7.2,165,,
48924916,0-20 cm,0.077,3.5,8.04,454.2,27.1,14.4,221.1,,
49724528,0-20 cm,0.964,6.3,30.6,73.2,53.1,5.3,158.7,,
50004394,0-20 cm,0.424,3.3,13.12,116.7,49.6,4.6,152.6,2.0,
49704544,0-20 cm,1.147,3.8,3.13,16.7,< LOD,0.7,31.7,1.0,
49904446,0-20 cm,1.02,6.0,7.71,60.2,56.9,3.1,133.6,12.0,
49664566,0-20 cm,0.443,4.0,16.15,214.2,47.6,9.6,118.7,3.0,
53122726,,1.035,,,,,,,55.0,0.100001126527786
49684564,0-20 cm,0.597,5.2,34.6,172.3,29.1,11.8,68.8,13.0,
48924934,0-20 cm,1.07,4.4,3.17,16.9,25.9,0.8,35.3,5.0,
53882288,0-20 cm,,7.1,15.36,43.5,6.3,4.1,723.4,17.0,0.249999985098839
49704562,0-20 cm,1.331,3.3,3.1,11.8,10,0.5,16.8,3.0,
50464184,0-20 cm,1.112,6.5,18.6,21.9,55.8,2.1,130.5,24.0,
53782364,0-20 cm,,5.8,7.23,23.7,5.2,2,178.5,45.0,0.299999982118607
50364240,0-20 cm,,6.1,21.0,42.6,68.5,3.7,301.5,53.0,
49744548,0-20 cm,0.815,4.3,38.0,128.2,44.5,7.7,88.5,21.0,
50464192,0-20 cm,0.107,2.9,19.5,503.4,30.6,15.4,258.4,,
49084870,0-20 cm,0.374,3.5,10.96,149.4,25.8,4.7,90.9,5.0,
50124366,0-20 cm,0.997,3.5,2.88,11.2,< LOD,0.6,14.9,2.0,
53122770,,1.222,,,,,,,4.0,3.42100620269775
50364250,0-20 cm,0.18,3.2,18.49,218.5,19.9,8.6,182.6,4.0,
49144846,0-20 cm,0.217,4.0,30.7,197.4,14.2,7.7,133.9,,
49024904,0-20 cm,0.141,3.4,13.28,466.2,28.6,26.6,78.2,,
50464202,0-20 cm,1.499,6.3,8.89,19.2,22.6,1.7,121.1,54.0,
50464206,0-20 cm,0.88,3.9,6.93,33.8,< LOD,2.6,115.1,46.0,
49684592,0-20 cm,0.323,3.4,16.49,399.3,25.2,17.1,142.4,,
49724574,0-20 cm,1.086,4.5,10.19,77.6,15.7,5.3,46,3.0,
50344270,0-20 cm,,3.3,18.28,245.6,28.2,12.5,252.5,2.0,
49864510,0-20 cm,1.31,4.6,11.17,19.8,87.8,1.6,50.7,4.0,
50564166,0-20 cm,0.056,3.1,15.93,431.3,40.8,14.1,501,19.0,
50384260,0-20 cm,1.228,5.5,7.75,18.9,30,1.6,215.3,42.0,
50524204,0-20 cm,,6.2,8.33,12.2,53.1,1.1,83.9,11.0,
51423746,0-20 cm,0.643,6.9,42.5,77.6,10.9,5.7,51.1,,1.14285114705126e-06
50284328,0-20 cm,0.927,5.1,11.93,40.4,< LOD,3.1,134.5,23.0,
51763582,0-20 cm,0.186,6.0,125.6,429.7,28.8,27.3,152.5,,0.0
49784578,0-10 cm,,3.9,13.05,222.5,72,6.7,175.1,4.0,
49764590,0-20 cm,0.824,3.8,19.35,89,72.6,6.2,97.9,25.0,
49024940,0-20 cm,,3.5,4.82,46.9,11.1,1.4,65,7.0,
49884544,0-20 cm,1.158,3.2,6.06,32,< LOD,1.1,61.2,34.0,
51643668,0-20 cm,,5.5,43.0,86.4,25.2,6.5,86.5,16.0,0.309292793273926
49844566,0-20 cm,1.438,4.1,2.66,12.1,13,0.6,17.9,3.0,
50504250,0-20 cm,0.483,3.4,10.16,109.9,21.9,5.2,59.7,6.0,
49184882,0-20 cm,0.955,4.0,3.72,11.8,27.4,0.7,29.7,3.0,
50204400,0-10 cm,0.753,3.5,4.68,48.7,12.7,1.8,50,3.0,
53422720,0-20 cm,,6.9,14.01,18.3,< LOD,2,116.8,34.0,5.67763710021973
52523220,0-20 cm,,5.5,5.83,7.5,30,0.8,54.6,3.0,1.58080315589905
49824592,0-20 cm,1.015,4.9,14.1,48.6,40.7,3.8,111.2,13.0,
48905022,,0.687,,,,,,,15.0,
49364810,0-20 cm,0.037,3.9,44.2,413.8,10.8,16.3,635.9,,
48964996,0-20 cm,,4.4,2.78,13.1,19.7,0.7,21.9,5.0,
49344824,0-20 cm,1.076,3.3,3.37,17.7,< LOD,0.6,22.5,3.0,
50464292,,0.766,,,,,,,71.0,
50204418,0-20 cm,0.455,3.5,6.55,91.4,11,3.4,82.1,3.0,
50444306,0-20 cm,0.123,3.6,11.53,451.1,63.1,20.4,445.6,,
50504280,0-20 cm,0.452,3.2,10.92,127.7,< LOD,5.3,92.5,6.0,
53422760,0-20 cm,,5.3,13.14,36.1,< LOD,3.2,160.2,47.0,2.4290657043457
50664204,0-20 cm,1.32,5.0,12.29,27.4,74.7,2.5,202.3,36.0,
54442182,0-20 cm,,4.6,4.31,6.8,23.4,0.7,90.4,10.0,0.369986772537231
49924566,0-20 cm,0.601,3.1,8.94,80.8,24.5,3,96,4.0,
50344366,0-20 cm,1.079,4.8,4.94,23,< LOD,1.9,37.3,5.0,
50484302,0-20 cm,0.898,5.1,10.63,31,39.6,2.8,470.5,43.0,
49184918,0-20 cm,0.831,4.1,4.47,16.8,41.8,0.9,41.1,4.0,
54342262,,1.005,,,,,,,22.0,
50664222,0-20 cm,1.447,4.6,9.44,16.5,16.4,1.4,39.6,10.0,
50704204,0-20 cm,0.128,2.9,18.41,493.6,29.3,18.2,270.9,,
51563778,0-20 cm,,7.0,14.91,18.1,19.2,1.8,117.2,18.0,1.89812765505337e-09
49164932,0-20 cm,0.817,3.8,5.21,65,11.8,2.3,57,7.0,
49384832,0-20 cm,,3.4,17.28,456.3,27.5,18.7,334.1,,
50304402,0-20 cm,,3.3,8.36,397.4,79.9,13.9,350.9,4.0,
49064982,0-20 cm,0.141,4.2,63.3,479.4,13.5,26.7,104.1,,
50644242,0-20 cm,0.673,3.9,6.36,56.5,< LOD,2.6,67,15.0,
53982496,0-20 cm,,5.8,15.09,14.9,27.3,1.5,224.8,39.0,0.519307672977448
50004552,0-20 cm,0.376,3.2,11.24,127.6,23.5,4.5,104.1,,
55121832,0-20 cm,0.845,6.8,21.3,23.8,< LOD,2,535.2,33.0,
54502212,,1.055,,,,,,,9.0,0.0
55681492,0-20 cm,0.997,7.5,17.76,20.9,25.4,2.4,411.2,29.0,
50284436,0-20 cm,0.438,3.3,7.25,81.6,21.2,3.1,76.4,,
55181826,0-20 cm,0.769,7.3,18.84,21.3,16.9,1.8,547.8,32.0,
50164494,0-20 cm,1.296,5.3,8.46,19.8,38.7,1.3,35,4.0,
50204476,0-20 cm,0.92,3.5,3.72,33,13,1.2,39.9,2.0,
49324888,0-10 cm,,3.4,5.41,72.7,27.5,2,62.5,,
51104058,,1.255,,,,,,,23.0,1.29690660988224e-10
50464368,0-20 cm,0.643,3.6,8.14,55.2,12,2.8,79,13.0,
51104062,,0.992,,,,,,,25.0,7.113502842326369e-11
50024584,0-20 cm,0.135,3.0,19.49,481.9,31.6,15.2,157.9,,
50784230,0-20 cm,1.0,4.6,8.06,26.9,< LOD,2.2,91.7,11.0,
49964622,0-20 cm,0.319,3.5,21.7,522.1,33.4,24.2,136.9,,
53842676,0-20 cm,,7.4,21.45,19,< LOD,2.4,437.3,20.0,1.4530713558197
53662780,,1.285,,,,,,,42.0,0.0
50904192,0-20 cm,0.853,6.2,15.12,20.1,27.5,1.9,163.8,31.0,
50084576,0-20 cm,0.471,3.4,13.76,150.5,95.2,4.2,79.1,2.0,
49964636,0-20 cm,0.356,3.4,16.5,186.2,50.3,10.1,116.3,,
51663832,0-20 cm,0.126,3.1,22.5,485.5,69.4,15,396.4,,0.25000062584877
51963688,0-20 cm,,7.1,12.68,21.6,45,2.1,85.5,12.0,
50224522,0-20 cm,0.107,2.9,12.44,486.3,39.4,12.1,167,,
50484402,0-20 cm,0.801,3.8,4.4,42.7,< LOD,2.2,43.2,7.0,
50284502,0-20 cm,0.543,5.3,12.32,116.5,62.9,6.1,52.3,12.0,
54382430,0-20 cm,,4.8,6.91,5.4,27.1,0.6,65.9,3.0,0.0
54822180,0-20 cm,0.937,4.3,7.44,53,134.7,4.3,113.2,,0.0
54862162,0-20 cm,1.322,4.4,3.12,9.2,< LOD,0.9,57,,0.0
50244526,0-10 cm,,3.5,4.83,47,15.2,1.6,47,6.0,
54782212,0-20 cm,1.169,4.4,5.31,19.1,< LOD,0.9,63.2,3.0,
49984648,0-20 cm,1.081,3.7,3.68,41,15.5,2.2,41.3,1.0,
50804270,0-20 cm,0.132,2.9,15.29,481.3,36.7,14.4,163.8,,
54862180,0-20 cm,1.142,4.5,5.55,23,< LOD,1.1,110.3,,0.0
50004646,0-20 cm,0.638,3.2,10.14,49.2,40.4,2.1,109,2.0,
50604374,0-20 cm,0.844,4.0,5.03,28.7,35.8,1.2,75.7,6.0,
52003714,0-20 cm,,7.0,8.46,17.8,20.8,1.3,110.1,12.0,0.299999982118607
50524420,0-20 cm,0.223,3.4,18.26,461.7,96.6,23.3,359.2,13.0,
50504430,0-20 cm,0.984,4.0,3.4,25.7,< LOD,1.1,20.5,3.0,
50044640,0-20 cm,0.652,4.9,11.65,152.5,18.2,7.5,44.9,,
50024652,0-20 cm,0.436,3.8,10.37,118.1,21.8,5,79.7,,
52103674,,0.623,,,,,,,17.0,0.0
51783840,0-20 cm,0.848,7.0,15.94,35.8,31.8,3.4,58.9,12.0,
54922204,0-20 cm,0.965,4.5,8.16,39,13.7,3.4,117.1,,4.59378497907892e-07
51044200,0-20 cm,0.542,3.7,9.13,110.4,21.2,5.7,103.4,6.0,
53802834,0-20 cm,,4.4,13.96,23.4,< LOD,2.7,96.1,17.0,0.0
54102674,,1.152,,,,,,,53.0,0.0
54222614,,1.4,,,,,,,30.0,3.35427500885999e-07
55681794,0-20 cm,1.488,7.4,13.41,4.7,21.5,0.6,72.6,9.0,
54942224,0-20 cm,1.661,4.7,5.55,4.8,26.8,0.6,106.2,4.0,
52163682,0-20 cm,0.234,4.7,32.0,437.5,48,28.3,196.1,,0.275002181529999
50124636,0-20 cm,0.724,3.6,5.75,52.5,56.7,2,55.2,8.0,
51044218,0-20 cm,0.568,3.4,6.69,61.5,39,2.9,84.8,5.0,
50324550,0-20 cm,0.145,3.6,14.76,498.3,25.5,24.6,107.6,,
51883828,0-20 cm,,6.5,33.6,218.6,25.5,15.2,78.6,7.0,0.0
51084210,0-20 cm,1.031,4.8,12.78,28.6,< LOD,2.6,204.3,43.0,
50424512,0-20 cm,0.638,3.7,5.36,47.8,< LOD,1.8,67.5,4.0,
50324560,0-20 cm,0.122,2.9,9.5,513.6,65.4,17,154.5,,
50684398,0-20 cm,,3.3,8.86,95.4,< LOD,3.8,118.3,2.0,
50604436,0-20 cm,0.594,3.1,9.29,190.2,19.8,6.3,46.8,,
50524474,0-20 cm,0.862,3.7,4.41,44.6,< LOD,1.7,59.4,2.0,
49604884,0-20 cm,0.188,3.6,9.72,482.9,53.2,23.4,242.8,,
50224612,0-10 cm,0.279,3.6,12.27,228.6,54.9,11.9,195.4,,
50324578,0-20 cm,,5.2,5.19,19.5,26,1.6,64.1,7.0,
50144658,0-20 cm,0.814,3.8,17.01,109.4,19.1,5.4,100.2,2.0,
49804816,0-20 cm,0.684,4.0,22.8,91.3,16.1,7.3,77.3,21.0,
51184210,0-20 cm,,4.2,33.1,71.4,13.9,3.6,126.6,25.0,
50284620,0-20 cm,0.163,4.4,27.4,306.7,27.2,14.3,165.7,,
50824382,0-20 cm,0.618,4.5,6.37,33.5,40.2,2.3,55.3,7.0,
50664456,0-20 cm,0.976,3.7,3.76,30.7,< LOD,1.5,34.5,5.0,
51104260,0-20 cm,0.771,4.7,12.14,117.1,37.4,5.9,121.8,24.0,
51124252,0-20 cm,0.43,3.7,12.08,98.7,28.6,4.1,162.3,4.0,
50364606,0-20 cm,0.905,5.6,34.5,128.9,51.2,7,64.2,,
49884814,0-20 cm,0.94,3.6,3.08,29.7,17.8,0.9,21.2,2.0,
55302200,0-20 cm,1.069,5.2,7.28,24.3,< LOD,1.6,203.8,,0.0
52123816,0-20 cm,,5.3,6.6,15.7,51.5,1.4,76.5,2.0,0.0
50544534,0-20 cm,0.31,3.7,23.9,516.6,17.2,27.7,33.2,,
52303734,0-20 cm,,7.2,16.19,16.9,< LOD,1.4,52.9,8.0,0.0
55302218,0-20 cm,0.983,4.0,5.37,13,< LOD,0.8,84.9,,0.0
50744454,0-20 cm,0.951,4.0,3.39,20.3,< LOD,1.8,30.3,4.0,
51184260,0-20 cm,,3.3,22.6,340.6,81.4,16.6,803.3,7.0,
50604518,0-20 cm,1.272,3.8,4.61,63.4,< LOD,2.4,34.4,4.0,
50364624,0-20 cm,0.78,5.0,11.22,53.9,62.8,3.9,233.9,33.0,
55402180,0-20 cm,,4.2,6.39,36.1,< LOD,3,88,14.0,0.0
50504566,0-20 cm,1.402,5.4,12.88,28.4,92.1,2.2,60.4,4.0,
51923930,0-20 cm,,4.6,8.23,56,18.3,3.9,69.3,13.0,0.0
56621496,0-20 cm,1.283,7.5,28.9,24.8,12.9,2.3,267.7,20.0,
54482686,,1.004,,,,,,,58.0,7.176542027309551e-09
52463692,0-20 cm,,7.4,57.6,54.3,< LOD,3.2,34.9,,0.352678775787354
49385056,0-20 cm,1.219,3.3,2.58,23.5,< LOD,1,31.5,2.0,
51764034,0-20 cm,0.129,5.2,66.6,522.4,14.7,26.7,70.2,,1.31887574639222e-07
51684076,0-20 cm,,7.2,24.9,14.6,53.4,1.7,138.8,11.0,0.150000497698784
51344234,0-20 cm,1.223,5.3,7.61,26.7,51.2,2.2,179.5,32.0,
50464624,0-20 cm,0.284,3.6,13.91,331.3,47.7,15.5,119.7,,
49425064,0-20 cm,0.868,3.4,4.67,53.4,18.4,1.6,72.6,3.0,
56861470,0-20 cm,0.819,7.5,14.48,12.6,< LOD,1.4,172.4,18.0,
50364678,0-10 cm,0.173,3.5,27.2,422.8,31.2,22.2,159.1,,
50684542,0-10 cm,,3.5,11.06,144.3,38.3,5.4,108.5,9.0,
54602716,,1.045,,,,,,,41.0,1.5518684387207
50524618,0-10 cm,,3.1,12.8,387.3,25.4,12.8,106.8,6.0,
50604584,0-20 cm,0.71,3.0,8.66,106.3,16.6,3.8,61.2,3.0,
54602726,0-20 cm,,4.5,8.72,47.3,< LOD,4.7,160.2,13.0,0.0
51963988,0-20 cm,0.232,5.2,132.3,436.6,14.7,30.3,87.2,,0.0
56901488,0-20 cm,0.794,7.5,16.05,14.8,19,1.9,275.3,30.0,
50624582,0-20 cm,1.651,5.5,8.96,21.5,12.6,1.5,83,16.0,
51404250,0-20 cm,0.436,3.6,11.3,122.9,56.6,6.5,131.2,5.0,
51424242,0-20 cm,1.184,5.5,7.06,22,34.4,1.9,123.8,66.0,
52543740,0-20 cm,,7.1,16.46,22.5,< LOD,1.8,96.3,14.0,0.0
51104382,0-20 cm,,3.5,8.7,62.3,15.9,3.3,66,8.0,
51964006,0-20 cm,0.147,4.0,87.9,493.8,30.1,28.2,117.4,,1.06391581766729e-07
50584610,0-20 cm,1.73,5.4,9.57,23.8,41.8,2.2,312.2,20.0,
51364282,0-20 cm,0.611,3.5,9.44,35.3,32.5,1.7,54.2,,
51244342,0-20 cm,0.479,3.6,9.39,206.1,31.8,8.5,102.1,,
49625026,0-20 cm,1.247,3.6,2.45,16.8,14.1,0.6,17.7,3.0,
50564638,0-20 cm,0.355,3.7,10.12,119.8,32.3,6.2,125.8,,
51224358,0-20 cm,0.571,3.4,10.36,164.2,13.8,7,156.2,15.0,
50524662,0-20 cm,0.219,5.1,37.1,463,39,21.2,172.9,,
50464692,0-20 cm,0.702,6.0,20.5,113.5,43.6,6.3,201.7,21.0,
57121474,0-20 cm,0.818,7.4,15.45,11.4,< LOD,1.1,174.9,25.0,
54902668,0-20 cm,,6.9,19.73,26.9,< LOD,2.5,465.9,19.0,0.175002977252007
51144410,0-20 cm,0.208,3.2,15.12,404.2,46.6,14.8,259.8,,
50824548,0-20 cm,1.013,3.9,4.76,50.2,13,1.9,49,6.0,
50784566,0-20 cm,1.17,3.7,6.11,51.2,20.8,1.8,73.8,6.0,
50664618,0-20 cm,0.793,4.3,3.71,65.1,45.2,3.7,43.9,18.0,
51004476,0-20 cm,0.77,3.6,8.23,87.9,26.3,3.4,70.7,16.0,
54602838,0-10 cm,,3.9,69.22,88.2,13.9,7.2,210.7,13.0,0.0
51284364,0-20 cm,1.032,3.8,7.18,43.7,13.1,2.9,76.6,19.0,
51044466,0-20 cm,0.923,3.7,4.72,38.9,< LOD,1.9,47.1,5.0,
50604656,0-20 cm,0.298,3.8,10.54,251.1,58.4,12.9,92.8,,
54962680,,-0.014,,,,,,,9.0,6.64081764221191
54922706,,1.149,,,,,,,40.0,0.775333762168884
51944092,0-20 cm,0.267,6.1,62.4,457.7,10.7,24.9,125.3,,4.45310746499672e-07
50684628,0-20 cm,0.14,3.3,12.69,483.5,41.4,18.5,196.3,,
50704620,0-20 cm,1.256,5.5,20.2,75.3,62,4,48.4,4.0,
51404326,0-20 cm,0.328,3.5,10.4,103.7,23.5,4.3,199.2,5.0,
57241480,0-20 cm,0.897,6.5,8.65,10.5,< LOD,1.2,118.9,21.0,
54702820,,0.229,,,,,,,8.0,
51584250,0-20 cm,0.258,4.1,104.9,337.4,25.8,20.8,243.1,,
51024492,0-20 cm,1.246,4.9,7.0,29.9,13.6,2.3,70.4,30.0,
50784598,0-20 cm,0.996,3.0,7.14,57.7,17.4,1.7,47.9,2.0,
55162612,0-20 cm,0.172,4.8,7.84,18.8,< LOD,2,85.2,28.0,
52663792,0-20 cm,0.088,3.0,17.26,497.7,39.1,15.3,320.6,,0.0
50824584,0-20 cm,0.98,3.9,4.03,45.2,29.7,1.5,39.6,3.0,
50764612,0-20 cm,1.654,6.1,30.2,39.6,23.1,1.7,306.6,8.0,
52963666,0-20 cm,,6.2,12.46,29.6,17.7,2.7,85.7,14.0,3.1898574892608204e-09
52763758,0-20 cm,,6.6,10.72,38.4,< LOD,3.3,149.6,16.0,0.370639890432358
51164450,0-20 cm,0.173,2.9,8.07,490,37.4,13.9,220.5,3.0,
54902758,0-20 cm,,5.1,6.21,21.9,< LOD,1.9,141.3,58.0,0.0
54942740,,1.157,,,,,,,9.0,0.0
55962232,0-20 cm,,6.8,20.1,12.2,33.9,1.2,197.6,42.0,0.604890942573547
51524306,0-20 cm,0.343,4.0,9.6,52.2,17.2,3.2,145.7,14.0,
55442506,0-20 cm,,5.2,5.62,15.6,16.1,1.5,157.9,63.0,0.299999982118607
55702376,0-20 cm,1.252,7.5,20.4,34.7,< LOD,3.6,422.8,52.0,
50584702,0-20 cm,1.058,4.0,16.3,45.1,46.3,2.9,120.5,3.0,
51264430,0-20 cm,0.495,3.5,13.59,127.2,24,5.6,100.6,4.0,
52823760,0-20 cm,,3.6,6.48,30.1,24,1.8,68,3.0,0.0
53023672,0-20 cm,0.691,6.1,65.4,352,48.7,27.7,240.4,,0.664385259151459
51224448,0-20 cm,1.01,4.0,3.96,20.8,< LOD,1,26.4,2.0,
52144060,0-20 cm,0.423,7.0,22.6,41.1,21.7,3,55,,0.299999982118607
50424782,0-20 cm,1.158,3.7,1.88,9.9,< LOD,0.2,< LOD,1.0,
52643850,0-20 cm,,5.3,15.55,22.7,< LOD,2.2,84.3,20.0,0.0
50624702,0-20 cm,0.85,5.4,11.07,60.2,34.8,3.5,50.3,7.0,
57461486,0-20 cm,0.882,7.4,12.59,36.7,14.9,2.3,366.3,43.0,
55442552,0-20 cm,,4.8,5.51,12.6,< LOD,1.2,116.4,67.0,0.299999982118607
52084098,0-20 cm,0.178,4.2,88.2,424,37.9,36.2,60.7,,0.0750043839216232
50924584,0-20 cm,1.353,3.6,2.23,9.4,< LOD,0.4,19.1,3.0,
55842354,0-20 cm,1.371,5.8,8.34,28.4,44.4,2.8,404.7,59.0,
51324422,0-20 cm,0.684,4.0,6.8,70.7,26.6,3.8,77.8,6.0,
50684686,0-20 cm,0.914,4.0,5.64,26.8,20,2.5,50.5,4.0,
57501486,0-20 cm,0.628,6.8,18.69,94.9,18.3,4.8,728.8,38.0,
53003714,0-20 cm,0.321,5.8,74.2,416.4,25.9,27.9,121.3,,2.77908668522286e-07
51224476,0-20 cm,1.181,5.5,9.34,27.2,19.6,2.5,74.5,30.0,
49984978,0-20 cm,1.099,4.5,1.81,16.2,32,0.7,19.8,3.0,
51064546,0-20 cm,1.086,4.0,3.72,24.1,12.7,1.1,44.6,6.0,
51684292,0-20 cm,1.085,6.5,25.3,27.2,69.7,2.6,227.2,31.0,
51044560,0-20 cm,1.111,3.7,5.95,38.8,21.2,1.6,43.1,4.0,
51004580,0-20 cm,0.854,3.5,3.94,23,< LOD,1.1,23.7,3.0,
51024572,0-20 cm,1.602,4.9,8.47,14.6,41.9,1,20.1,3.0,
55262704,,0.555,,,,,,,24.0,0.0
50804666,0-20 cm,1.184,3.5,2.2,10.4,< LOD,0.4,15,2.0,
50744692,0-20 cm,0.751,3.6,5.6,59.6,10.5,3.5,23.9,,
50584756,0-20 cm,0.753,3.4,4.75,35.3,11.3,1.3,29.1,3.0,
51604342,0-20 cm,0.818,3.5,5.19,32.6,51.2,1.4,61.1,3.0,
55602550,0-20 cm,1.222,5.0,5.41,16.6,< LOD,1.7,132,36.0,
51204510,0-10 cm,,4.2,34.2,163.5,18,8.1,174.2,9.0,
55382664,,1.097,,,,,,,51.0,0.615898728370667
51004598,0-20 cm,0.578,3.2,21.5,540.7,55.5,24.6,161.4,,
50864658,0-20 cm,0.416,3.9,8.12,145.9,33.1,8.1,88.6,,
52204108,0-20 cm,0.202,5.2,199.2,460.8,15.5,36.1,66.9,,6.90267218383944e-11
51144548,0-20 cm,0.861,3.5,6.99,64.8,24.7,2.7,66.5,11.0,
51784288,0-20 cm,0.431,3.4,11.4,101.1,23.7,5,120.6,18.0,
52663918,,0.911,,,,,,,8.0,0.0250000860542059
51424438,0-20 cm,0.537,3.9,7.06,52.5,41.7,2.5,102.8,20.0,
50664744,0-20 cm,0.626,4.0,7.24,57.6,15.4,2.9,40,3.0,
50604770,0-20 cm,0.257,4.0,21.1,360.2,42.2,19.3,181.7,,
51784294,0-20 cm,0.558,3.7,8.84,73.2,15.7,3.2,104.9,,
51844270,0-20 cm,0.858,3.3,11.34,43.7,38.7,1.7,62.4,2.0,
50324884,0-20 cm,,3.2,7.12,119.2,29.9,3.5,105.1,2.0,
56342242,0-20 cm,1.512,4.9,9.23,12.3,< LOD,1.3,141.8,15.0,
50644764,0-20 cm,0.136,3.1,10.51,479.5,60.4,12.4,246.7,,
50764718,0-20 cm,0.77,5.0,21.2,81.4,33.9,5.7,126.4,3.0,
50944648,0-20 cm,0.676,3.5,4.91,53.5,27.5,2.5,52.6,7.0,
57841488,0-20 cm,0.756,6.8,8.75,28.4,< LOD,2.9,659.6,29.0,
51644382,0-20 cm,1.451,5.2,5.79,19.8,28.2,1.5,44.3,6.0,
51524432,0-20 cm,1.287,4.8,6.36,15.6,34.3,1.4,60.3,28.0,
51104602,0-20 cm,0.778,4.1,19.45,152.1,103.2,9.5,115.4,9.0,
50844708,0-20 cm,0.872,3.5,2.3,20.1,< LOD,0.8,21.6,2.0,
55602654,0-20 cm,,5.9,11.83,60.9,14.1,5.5,288.9,60.0,0.649624228477478
56142406,0-20 cm,1.312,6.7,10.06,14.7,44.9,1.7,263.8,14.0,
51904292,0-20 cm,0.571,3.3,14.13,175.9,10.7,7.8,97.1,,
51444480,0-20 cm,0.158,3.3,22.6,490.8,59.4,22.2,407.5,,
51264552,0-20 cm,0.506,3.3,13.1,167.4,56.3,7.2,83.9,3.0,
50804738,0-20 cm,0.76,4.0,3.06,25.8,< LOD,1,42.5,3.0,
49565214,0-20 cm,0.601,3.6,8.52,115.3,< LOD,4.3,136.3,7.0,
51844342,0-20 cm,0.712,3.7,10.91,90.7,22.4,4.7,83.5,8.0,
51264574,0-20 cm,1.074,3.3,4.77,23.3,12.1,0.8,44.2,2.0,
51404520,0-20 cm,0.784,3.2,5.47,42.5,< LOD,1.8,47.8,2.0,
52044278,0-20 cm,0.802,4.1,13.8,124.6,18.6,7.1,211.3,59.0,
51264588,0-20 cm,0.524,3.4,20.9,351.7,70.6,15.4,197.4,,
51224604,0-20 cm,1.057,3.6,5.72,36.7,21.6,2.2,60.9,4.0,
52064272,0-20 cm,1.021,4.5,11.06,43.9,22.4,4,333.2,58.0,
52004314,0-20 cm,1.091,4.4,9.92,41.1,19.1,2.8,193.7,19.0,
51424546,0-20 cm,0.743,3.6,6.74,176.4,20,6.5,54.2,4.0,
50924742,0-20 cm,0.935,4.4,1.47,22.7,10.3,0.7,10.8,1.0,
50904750,0-20 cm,0.939,3.8,2.81,19.8,< LOD,0.8,27.2,4.0,
51404560,0-20 cm,1.21,4.3,2.54,22.7,20.9,1,17.7,4.0,
50784800,0-20 cm,0.341,3.1,10.3,121.7,38.4,4.6,87.9,,
52684054,,0.659,,,,,,,24.0,4.6608598924802193e-11
53223832,,1.291,,,,,,,15.0,0.0
49825168,0-20 cm,1.294,4.4,2.16,18.3,< LOD,0.8,25.8,2.0,
51584502,0-20 cm,1.275,4.8,13.72,30.6,44.8,2.2,325.3,25.0,
50265008,0-10 cm,0.363,3.9,15.85,192.6,46.1,9.8,197.5,,
52024342,0-20 cm,0.814,3.7,8.36,65.5,37.4,2.9,81.3,5.0,
51564522,,1.167,,,,,,,11.0,
51704468,0-20 cm,1.069,4.2,4.78,35.2,< LOD,2.6,59,31.0,
51364602,0-10 cm,1.145,3.7,2.89,14.4,32.1,0.9,19.1,4.0,
50864794,0-20 cm,1.031,3.7,2.5,21.7,11.3,0.9,22.5,2.0,
51084714,0-20 cm,0.583,3.4,4.73,75.3,14.2,2.8,43.9,3.0,
52164298,0-20 cm,0.817,4.9,8.1,33.1,30.9,2.9,265.7,61.0,
52804044,0-20 cm,0.414,5.6,100.6,398.5,35,23.7,375.8,,1.36431439062834e-11
53323834,0-20 cm,0.164,3.0,8.52,454.6,34.4,10.6,200.3,,
51484576,0-10 cm,,3.7,3.45,20,20.4,1.1,20,9.0,
51444592,0-20 cm,1.192,3.8,3.72,16.6,< LOD,1.2,20.1,4.0,
56242578,0-20 cm,1.445,7.0,15.45,15.8,19.5,1.6,281.6,39.0,
52884030,0-20 cm,1.635,5.6,6.02,16.7,22.3,1.6,214.7,16.0,
56182622,,0.968,,,,,,,24.0,1.61051548275282e-06
52104348,0-20 cm,0.853,3.9,5.51,57.9,28.9,3,46.5,5.0,
50424986,0-20 cm,0.904,4.1,2.49,17.2,26.3,0.8,25.1,2.0,
52044374,0-20 cm,0.606,3.5,10.42,108.8,12.7,5.6,89.4,8.0,
52264296,0-20 cm,1.107,3.0,9.11,61.9,28.6,2,70.1,6.0,
51044766,0-20 cm,0.363,3.2,6.43,235.3,14.5,7.9,42.9,2.0,
52204324,,1.101,,,,,,,5.0,
52304286,0-20 cm,0.851,3.4,12.23,78.5,82.4,3.5,119.1,4.0,
51124738,0-20 cm,0.143,3.6,15.58,526,32.5,25.3,116.1,,
49865206,0-20 cm,1.172,4.2,2.26,25,< LOD,1,28.3,3.0,
53363876,0-20 cm,0.309,3.7,14.63,169.6,18.3,8.3,68.4,,3.99213533341936e-08
53503820,,0.855,,,,,,,4.0,5.7516447160566e-10
52384270,0-20 cm,0.759,4.0,9.24,62.3,25.5,3.5,162.9,11.0,
51324680,0-20 cm,0.21,3.6,22.0,383,61,17.6,199.1,33.0,
51084772,0-20 cm,0.155,3.8,17.12,500.3,74.8,26.5,79.3,,
52224346,0-20 cm,1.106,3.9,4.28,32.8,10.1,1.7,28.4,5.0,
56022776,0-20 cm,0.968,7.3,44.6,22,7.3,2.7,388.6,5.0,
52284330,0-20 cm,,3.0,10.01,93.8,34.7,4,129.1,4.0,
51184746,0-20 cm,0.243,3.8,37.0,324.1,21.8,15.9,104.7,,
51824508,0-20 cm,0.939,3.9,3.26,29.8,18.9,1.3,27.3,4.0,
52004440,0-20 cm,0.3,4.0,23.9,274.6,66.6,11.3,1631.7,,
53303934,0-20 cm,0.335,5.7,45.7,442.1,57.5,32.2,154.7,,8.91447541562229e-07
53323928,0-20 cm,0.318,5.5,93.5,440.2,20.9,24.1,108.6,,0.0
51944466,0-20 cm,0.681,3.9,5.58,36.6,32.9,1.7,48.5,4.0,
51584602,0-20 cm,1.177,4.3,7.03,27.4,12.3,2.2,140.3,43.0,
55822888,0-20 cm,,7.1,24.44,31.8,< LOD,3.3,621.8,58.0,0.0
52264354,0-20 cm,0.844,3.6,5.19,39.8,39.7,1.6,39,5.0,
51184760,0-20 cm,0.838,3.6,3.56,33.9,14.5,1.2,41.6,4.0,
55882872,,1.159,,,,,,,13.0,0.280982911586761
51264736,0-20 cm,0.116,3.2,19.5,493.7,52.2,14.8,447.4,,
55942860,,1.278,,,,,,,66.0,0.386965215206146
51124792,0-20 cm,0.96,3.7,2.76,30.1,< LOD,1.1,21.4,1.0,
51364706,0-20 cm,0.318,3.6,19.19,387,23.7,15.6,67.8,,
56462638,,0.89,,,,,,,40.0,0.482888847589493
52224392,0-20 cm,,3.5,10.01,120,12,5.4,116.5,,
52444310,0-20 cm,0.915,3.7,5.51,36.5,< LOD,1.7,58.5,4.0,
51284746,0-20 cm,0.493,3.2,6.38,104.9,21.7,3.5,91.2,4.0,
57082394,0-20 cm,,7.4,18.86,37.1,30.6,1.9,312.9,17.0,0.0750004798173904
56482666,0-20 cm,0.918,6.5,21.4,27.2,38.5,2.6,616.9,58.0,
52424342,0-20 cm,0.944,3.8,5.2,33.8,21,1.4,53.5,3.0,
52404350,0-20 cm,1.216,4.0,4.43,38,< LOD,1.8,45.7,5.0,
51504688,0-20 cm,0.785,3.8,5.84,32.3,24.9,2.1,104.6,36.0,
52264408,0-20 cm,0.679,3.4,7.74,63.3,10.1,3.2,74.9,,
52044494,0-20 cm,0.976,3.8,4.32,35.9,< LOD,2,30.2,3.0,
52584292,0-20 cm,0.301,3.5,11.0,184.2,50.1,8.4,110.7,3.0,
52624278,0-20 cm,0.552,3.6,23.5,161.5,56.5,9.5,151.4,37.0,
52404364,0-20 cm,0.604,3.7,7.5,67.2,12.5,3.7,41.5,6.0,
51404736,0-20 cm,0.851,3.5,3.95,40.5,< LOD,1.6,42,2.0,
52224440,0-20 cm,0.662,3.7,5.44,71.1,14.4,3,75.5,5.0,
52304412,0-20 cm,0.447,3.4,9.43,188.2,14.1,6.8,154.7,5.0,
53044140,0-20 cm,0.508,5.8,86.5,364.5,26.6,24.4,254.1,,1.94928101437952e-11
51824598,0-20 cm,1.145,3.9,3.35,19,17.5,1.1,24.1,20.0,
57342364,0-20 cm,,7.3,20.5,30.1,7.4,3,510.8,11.0,3.67076552265644e-07
51184832,0-20 cm,0.659,3.7,7.56,52.9,43.7,2.2,74.9,2.0,
56422776,0-20 cm,,6.0,10.9,29.5,< LOD,2.6,208.1,10.0,0.0
53064142,0-20 cm,0.526,4.9,42.4,392.1,25.6,13.9,373.6,,7.628057907549389e-11
52624310,0-20 cm,,3.4,13.71,163.3,37.1,6.5,152.6,5.0,
52064522,0-20 cm,0.195,3.1,49.5,468.8,38.4,17.9,121.5,,
53124130,0-20 cm,0.238,3.3,31.5,430,63.1,15.2,332.5,,0.0249999985098839
53903832,0-20 cm,0.349,6.5,138.4,275,34.3,21.7,179.6,,0.0
51404766,0-20 cm,0.111,3.4,31.4,481.1,70.1,26.5,163.3,,
53084148,0-20 cm,0.534,7.0,85.8,315.5,42.3,22.6,242.1,,0.0
51464746,0-20 cm,0.83,3.4,2.62,22.2,< LOD,0.7,25.9,3.0,
52624328,0-20 cm,0.931,5.4,27.7,138.5,76.5,7.8,105.7,,
53743906,0-20 cm,0.301,3.0,38.4,243.4,60.3,7.4,62.6,,2.30471096074325e-06
52164502,0-20 cm,0.667,3.6,6.73,86,28.5,3.5,138.5,8.0,
52224494,0-20 cm,,3.6,13.4,205,20.1,7.9,243.2,9.0,
52704318,0-20 cm,1.276,6.1,13.28,18.9,51.4,1.4,110.7,24.0,
53943854,0-20 cm,0.229,5.8,119.8,404.7,17.1,25.5,127.1,,0.0
57462398,0-20 cm,1.283,7.3,18.01,26.2,< LOD,2.8,386,21.0,
56842684,,1.264,,,,,,,9.0,0.411293268203735
52444426,0-10 cm,,3.8,5.54,48.5,31.2,2.4,71.8,3.0,
51584736,0-20 cm,0.779,3.7,3.02,92.7,< LOD,2.9,28.5,,
50964968,0-20 cm,0.289,3.5,13.64,375.3,18.1,15.3,92,4.0,
56842716,0-20 cm,,5.2,6.89,10.2,< LOD,1,170.3,29.0,0.0250015389174223
52044590,0-20 cm,1.131,3.6,3.22,14.4,10.6,0.8,32.4,4.0,
52864294,0-20 cm,1.308,5.6,15.87,21.5,37.8,1.9,161.5,39.0,
56922692,,1.292,,,,,,,55.0,0.3114213347435
52304502,0-20 cm,0.433,4.2,26.5,137.2,28.3,8.4,150.9,21.0,
56962686,,1.024,,,,,,,52.0,0.32313483953476
51764704,0-20 cm,1.163,4.1,3.06,20.4,31.9,1.1,34.4,5.0,
54203812,0-20 cm,0.548,6.2,32.2,322.5,< LOD,12,63.8,,0.0
51464814,0-20 cm,0.844,3.9,4.42,40.5,30.8,2.2,43.5,4.0,
51664756,0-20 cm,0.864,4.1,3.37,69.6,< LOD,2.3,32.7,5.0,
52464474,0-20 cm,0.225,3.1,31.4,512.8,23.5,22.9,100.6,,
52744378,0-20 cm,0.913,4.0,4.1,36.9,14,1.5,37.4,4.0,
51804718,0-20 cm,0.939,4.3,3.77,51.5,< LOD,1.6,69.8,8.0,
52124610,0-20 cm,1.235,4.4,2.76,19,< LOD,1,22.7,3.0,
51364876,0-20 cm,0.911,3.9,3.34,25.1,10.3,1,38.4,5.0,
51824728,0-20 cm,0.961,4.0,3.18,15.1,16.4,0.8,30.7,3.0,
52584464,0-10 cm,,3.7,5.72,73.8,60.9,2.5,66.1,5.0,
51764754,0-20 cm,1.165,4.5,2.31,10.4,< LOD,0.4,18.5,4.0,
51624808,0-20 cm,0.704,3.4,15.22,445.7,16.6,16.8,34.3,,
52684456,0-10 cm,,3.4,7.67,113.3,12.6,5.7,58.5,,
51964708,0-20 cm,1.271,3.9,2.95,12.9,< LOD,0.8,21.6,3.0,
52544508,0-20 cm,0.359,3.9,9.55,152.7,20.3,5.9,63.1,6.0,
52304592,0-20 cm,1.201,4.0,3.44,41.2,< LOD,2.3,20.5,5.0,
52224620,0-20 cm,1.324,4.4,2.17,21.6,< LOD,1,16,3.0,
51804772,0-20 cm,0.927,3.9,3.48,22.2,< LOD,1,31.9,4.0,
51924744,0-20 cm,1.099,4.1,2.9,17.6,< LOD,0.9,21,3.0,
51504886,0-20 cm,0.398,3.4,4.11,28.1,< LOD,1.7,35.4,1.0,
51764802,0-20 cm,1.261,4.1,2.34,23,< LOD,1,19.2,2.0,
57582636,,1.223,,,,,,,54.0,0.303733646869659
53144342,0-20 cm,0.759,4.8,12.58,64.1,18.9,4.1,327.4,30.0,
51804804,0-20 cm,1.336,4.0,2.92,9.9,15.8,0.5,13.1,3.0,
52484574,0-20 cm,1.047,4.4,3.07,20.6,16.1,1.1,39.5,3.0,
51724832,0-20 cm,1.115,4.6,2.36,16.7,12.3,0.9,19.5,4.0,
52584544,0-20 cm,0.93,4.1,2.45,15,16.3,0.6,22.8,3.0,
51684850,0-20 cm,1.12,4.3,2.57,24.3,< LOD,1.2,16.9,8.0,
51924780,0-20 cm,1.097,4.2,2.74,23.4,< LOD,1.1,19.1,,
52424612,0-20 cm,1.317,4.0,1.86,18.7,< LOD,0.6,< LOD,3.0,
52064738,0-20 cm,0.905,4.3,3.16,31.4,16.5,1.2,39.2,4.0,
52404626,0-20 cm,1.254,3.7,2.19,7.7,12.3,0.4,15.5,2.0,
52524588,0-20 cm,1.734,4.0,1.76,7.2,< LOD,0.5,< LOD,,
51844828,0-20 cm,1.228,4.0,3.74,96.5,18.3,4.2,< LOD,,
51944826,0-20 cm,1.207,4.2,3.03,35,< LOD,1.4,38.5,4.0,
52404680,0-20 cm,0.495,3.4,10.96,346.5,44,10.4,193.5,1.0,
51784906,0-20 cm,0.942,3.5,3.49,17.8,24,0.7,26.7,1.0,
52044824,0-20 cm,1.378,4.6,1.98,16.3,< LOD,0.7,20.4,4.0,
52424702,0-20 cm,1.237,4.4,2.5,18.6,15.7,0.8,12.9,2.0,
52764590,0-20 cm,1.633,4.0,1.77,5.5,< LOD,0.4,< LOD,4.0,
53024506,0-20 cm,0.21,3.3,38.8,385.3,35.5,18.3,220.4,,
52664628,0-20 cm,,3.8,3.71,28.2,12.3,1.8,19.3,5.0,
52544670,0-20 cm,1.31,4.5,2.68,10.3,12,0.5,14.6,3.0,
52844586,0-20 cm,0.754,4.3,6.89,70.4,17.2,3.5,62.5,4.0,
52624660,0-20 cm,1.093,3.7,3.67,62.3,< LOD,2.1,27.7,3.0,
53384412,0-20 cm,0.78,3.9,4.62,49.7,14.7,3.1,41.1,7.0,
53004546,,0.649,,,,,,,6.0,
52484730,0-20 cm,1.373,3.9,2.29,19,< LOD,0.5,13.7,2.0,
52624688,0-20 cm,1.526,4.0,2.67,17.8,< LOD,1.1,13.2,4.0,
52164840,0-20 cm,1.621,4.5,1.61,17.6,< LOD,0.7,< LOD,,
53024568,0-10 cm,,3.7,13.55,207.5,24.4,11.5,177.3,7.0,
53504414,0-20 cm,0.991,6.0,7.6,26.4,35.8,2.2,128.2,28.0,
52724670,0-10 cm,,4.0,2.01,11.1,< LOD,0.7,< LOD,4.0,
52764680,0-10 cm,,3.8,1.79,10,< LOD,0.6,12.3,,
53124602,0-20 cm,0.641,4.0,13.51,109.5,32.6,7.2,114.3,27.0,
53044636,0-20 cm,1.292,4.3,3.53,17.3,13.6,1.1,51.1,20.0,
53064642,0-20 cm,0.264,3.4,18.24,379.8,71.3,11.4,380.7,,
53404536,0-20 cm,0.692,4.0,5.01,50.1,< LOD,2.7,61,5.0,
53164616,0-20 cm,1.168,4.4,2.45,11.9,< LOD,0.7,18,2.0,
53124644,0-20 cm,1.38,3.9,2.34,14.1,< LOD,0.8,< LOD,3.0,
53264602,0-20 cm,0.836,4.3,4.68,26.4,< LOD,1.6,23.8,3.0,
53304598,0-20 cm,0.161,3.4,38.1,526.6,18.1,23.7,139.4,,
53264616,0-20 cm,0.669,3.3,5.12,72.3,< LOD,3,26.8,5.0,
53304626,0-20 cm,0.364,3.2,10.7,257.2,42.7,7.7,134.1,,
53744506,0-20 cm,0.712,4.1,4.66,28.8,10.4,1.5,28.5,3.0,
53484590,0-20 cm,0.879,4.1,3.28,25.4,< LOD,1.2,34.7,2.0,
53604606,0-20 cm,1.175,4.2,2.36,21,< LOD,0.9,12.2,2.0,
53644594,0-20 cm,1.297,4.3,2.37,14.5,17,0.6,14.2,3.0,
53844580,0-20 cm,1.072,4.1,2.88,37.1,< LOD,1.5,14.1,4.0,
53784606,0-20 cm,1.005,4.0,2.6,12.9,< LOD,0.7,15.8,4.0,
63581624,0-20 cm,1.384,7.3,15.89,16.1,17.4,1.9,212.9,25.0,
63621618,0-10 cm,,7.4,17.22,< LOD,< LOD,1.3,166,39.0,
63681618,0-20 cm,0.885,7.4,13.47,2.3,< LOD,0.8,458.3,41.0,
63741606,0-20 cm,1.077,7.2,13.11,21.9,< LOD,2.2,358.3,37.0,
63761600,0-20 cm,1.084,7.4,18.18,28.6,43.3,3.3,73.9,29.0,
63881600,0-20 cm,1.318,7.3,21.1,33.2,< LOD,1.3,110.2,30.0,
64061610,0-20 cm,0.823,7.4,18.17,25.9,< LOD,2.5,424.6,31.0,
64081622,0-20 cm,1.152,7.4,18.07,25.4,< LOD,2.9,264.6,27.0,
64081650,0-20 cm,0.933,7.4,15.66,14.5,< LOD,1.3,397.4,25.0,
64141632,0-20 cm,0.969,7.1,16.61,20.9,50.1,2,390,19.0,
64161658,0-20 cm,0.949,7.5,20.5,6.4,< LOD,0.9,308,23.0,
64221650,0-20 cm,1.199,7.1,15.97,7.5,25.5,0.9,199.4,29.0,
64261646,0-20 cm,1.356,6.8,6.24,9.3,< LOD,1,93.8,14.0,
64281654,0-20 cm,1.22,7.4,20.5,17.5,30.2,1.9,1692.5,35.0,
64341644,0-20 cm,0.065,6.4,4.37,5.8,< LOD,0.6,93.6,10.0,
64441626,0-20 cm,1.527,7.4,17.29,6,11,0.8,103.3,29.0,
64461632,0-20 cm,0.799,7.4,38.6,22.1,174,2.6,1085.4,25.0,
64541644,,0.018,,,,,,,27.0,
64541646,0-20 cm,,7.4,21.1,14.9,45,1.6,630.5,24.0,
64601636,0-20 cm,0.908,7.7,29.4,13.5,< LOD,1.2,748.5,,
64601638,0-20 cm,1.032,7.5,23.6,22,122.9,2.2,1952.6,33.0,
64621644,0-20 cm,0.999,7.6,24.8,15.4,43.3,1.7,1002.8,32.0,
64581660,0-20 cm,1.027,7.4,20.6,9.8,16.4,1,179.4,25.0,
64621658,0-20 cm,1.05,7.4,17.01,10.3,< LOD,1.5,184.8,29.0,
64801668,0-20 cm,1.365,7.3,18.78,8.2,52.1,1,723.3,46.0,
64841666,0-20 cm,,6.8,15.57,8.2,83.8,1.1,614,32.0,
64841670,0-20 cm,1.355,7.3,16.74,11.2,39.8,1.4,612.1,4.0,
64881666,0-20 cm,1.684,7.5,66.7,9.4,80.1,1.4,1072.3,50.0,
64981672,0-20 cm,1.008,7.5,17.22,17.7,< LOD,2.1,539.5,34.0,
